Qty,Line Item,Manufacturer,MPN,Octopart URL,Schematic Reference,Internal Part Number,Description,Total Qty (@ Batch Size: 1),SKU,SKU,SKU,SKU,Packaging,Packaging,Packaging,Packaging,Unit Price (@ Batch Size: 1),Unit Price (@ Batch Size: 1),Unit Price (@ Batch Size: 1),Unit Price (@ Batch Size: 1),In Stock,In Stock,In Stock,In Stock,MOQ,MOQ,MOQ,MOQ,URL,URL,URL,URL,Distributor [Lowest Price (Overall)],SKU [Lowest Price (Overall)],Packaging [Lowest Price (Overall)],Unit Price (@ Batch Size: 1) [Lowest Price (Overall)],Line Total [Lowest Price (Overall)],Batch Total [Lowest Price (Overall)],In Stock [Lowest Price (Overall)],MOQ [Lowest Price (Overall)],URL [Lowest Price (Overall)],Notes
,,,,,,,,,Digi-Key,Future Electronics,Mouser,RS Components,Digi-Key,Future Electronics,Mouser,RS Components,Digi-Key,Future Electronics,Mouser,RS Components,Digi-Key,Future Electronics,Mouser,RS Components,Digi-Key,Future Electronics,Mouser,RS Components,Digi-Key,Future Electronics,Mouser,RS Components,,,,,,,,,,
2,732-9317-1-ND,Würth Elektronik,860240572002,https://octopart.com/860240572002-w%C3%BCrth+elektronik-53758684,C2 C4,,22µF ±20%  35V  Aluminum Electrolytic Radial  Can  1.3Ohm@100kHz  5000 Hrs @ 105°C,2,732-9317-1-ND,,710-860240572002,8396346,Cut Tape,,Ammo Pack,,0.127032,,0.1355008,,708,,2027,950,1,,1,25,https://octopart.com/click/track?ai=8237&sig=013978f&sid=459&ppid=53758684&vpid=240502072&ct=offers,,https://octopart.com/click/track?ai=8237&sig=004922f&sid=2401&ppid=53758684&vpid=416614668&ct=offers,https://octopart.com/click/track?ai=8237&sig=082b54b&sid=10022&ppid=53758684&vpid=566095365&ct=offers,Digi-Key,732-9317-1-ND,Cut Tape,0.127032,0.254064,0.254064,708,1,https://octopart.com/click/track?ai=8237&sig=013978f&sid=459&ppid=53758684&vpid=240502072&ct=offers,
4,1276-1245-1-ND,Samsung,CL21B103JBANNNC,https://octopart.com/cl21b103jbannnc-samsung-9302014,C25 C42 C59 C76,,10nF  ±5%  50V  MLCC X7R  0805 (2012 Metric),4,1276-1245-1-ND,3716925,,7666095,Cut Tape,Cut Tape,,,0.084688,0.08299424,,,63709,1600,,16000,1,1,,4000,https://octopart.com/click/track?ai=8237&sig=0cbb7ea&sid=459&ppid=9302014&vpid=72525998&ct=offers,https://octopart.com/click/track?ai=8237&sig=0b3e4e1&sid=2454&ppid=9302014&vpid=495872668&ct=offers,,https://octopart.com/click/track?ai=8237&sig=0fff51f&sid=10022&ppid=9302014&vpid=565871884&ct=offers,Arrow Electronics,CL21B103JBANNNC,Cut Tape,0.040480864,0.161923456,0.161923456,33,1,https://octopart.com/click/track?ai=8237&sig=0357a4e&sid=1106&ppid=9302014&vpid=473428271&ct=offers,
8,1276-1020-1-ND,Samsung,CL21B102KBANNNC,https://octopart.com/cl21b102kbannnc-samsung-9299369,C23 C29 C40 C46 C57 C63 C74 C80,,1nF  ±10%  50V  MLCC X7R  0805 (2012 Metric),8,1276-1020-1-ND,8160988,,,Cut Tape,Cut Tape,,,0.084688,0.42344,,,993202,770,,,1,1,,,https://octopart.com/click/track?ai=8237&sig=0799db1&sid=459&ppid=9299369&vpid=72525966&ct=offers,https://octopart.com/click/track?ai=8237&sig=01fd6ee&sid=2454&ppid=9299369&vpid=495872664&ct=offers,,,Newark,82AC9409,Cut Tape,0.00592816,0.04742528,0.04742528,48432,1,https://octopart.com/click/track?ai=8237&sig=00bb4d6&sid=2402&ppid=9299369&vpid=511545733&ct=offers,
33,732-8080-1-ND,Würth Elektronik,885012207098,https://octopart.com/885012207098-w%C3%BCrth+elektronik-65419869,C20 C30 C26 C33 C24 C22 C31 C37 C47 C43 C50 C41 C39 C48 C54 C64 C60 C67 C58 C56 C65 C71 C81 C77 C84 C75 C73 C82 C92 C95 C97 C87 C86,,0.1µF ±10% 50V Ceramic Capacitor X7R 0805 (2012 Metric),33,732-8080-1-ND,,710-885012207098,1813444,Cut Tape,,Tape & Reel,,0.06266912,,0.064,,16722,,46075,4000,1,,1,4000,https://octopart.com/click/track?ai=8237&sig=06c928d&sid=459&ppid=65419869&vpid=229679674&ct=offers,,https://octopart.com/click/track?ai=8237&sig=081ebb2&sid=2401&ppid=65419869&vpid=248138185&ct=offers,https://octopart.com/click/track?ai=8237&sig=0183dea&sid=10022&ppid=65419869&vpid=566097781&ct=offers,Digi-Key,732-8080-1-ND,Cut Tape,0.06266912,2.06808096,2.06808096,16722,1,https://octopart.com/click/track?ai=8237&sig=06c928d&sid=459&ppid=65419869&vpid=229679674&ct=offers,
12,399-6695-1-ND,KEMET,EEV106M035A9BAA,https://octopart.com/eev106m035a9baa-kemet-22264518,C19 C21 C32 C36 C38 C49 C53 C55 C66 C70 C72 C83,,10µF  ±20%  35V  Aluminum Electrolytic Radial  Can  1.93Ohm@100kHz  2000 Hrs @ 105°C,12,399-6695-1-ND,,80-EEV106M035A9BAA,,Cut Tape,,Tape & Reel,,0.22357632,,0.1566728,,10861,,7486,,1,,1,,https://octopart.com/click/track?ai=8237&sig=0889e70&sid=459&ppid=22264518&vpid=47549234&ct=offers,,https://octopart.com/click/track?ai=8237&sig=0cb9fa2&sid=2401&ppid=22264518&vpid=54997415&ct=offers,,Mouser,80-EEV106M035A9BAA,Tape & Reel,0.1566728,1.8800736,1.8800736,7486,1,https://octopart.com/click/track?ai=8237&sig=0cb9fa2&sid=2401&ppid=22264518&vpid=54997415&ct=offers,
4,445-7523-1-ND,TDK,C2012C0G1H333J125AA,https://octopart.com/c2012c0g1h333j125aa-tdk-26013652,C28 C45 C62 C79,,33nF  ±5%  50V  MLCC C0G NP0  0805 (2012 Metric),4,445-7523-1-ND,8044032,810-C2012C0G1H333J,,Cut Tape,Tape & Reel,Tape & Reel,,0.3302832,,0.3472208,,230419,0,38464,,1,2000,1,,https://octopart.com/click/track?ai=8237&sig=039ef62&sid=459&ppid=26013652&vpid=63973536&ct=offers,https://octopart.com/click/track?c=1&ai=8237&sig=0d5860e&sid=2454&ppid=26013652&vpid=416917585&ct=offers,https://octopart.com/click/track?ai=8237&sig=05230e8&sid=2401&ppid=26013652&vpid=94942596&ct=offers,,Quest,C2012C0G1H333J125AA,,0.1524384,0.6097536,0.6097536,1966,1,https://octopart.com/click/track?ai=8237&sig=057e16b&sid=2412&ppid=26013652&vpid=237431158&ct=offers,
4,399-14515-1-ND,KEMET,C0603C362J5GACTU,https://octopart.com/c0603c362j5gactu-kemet-19050043,C27 C44 C61 C78,,3.6nF  ±5%  50V  MLCC C0G NP0  0603 (1608 Metric),4,399-14515-1-ND,,80-C0603C362J5G,,Cut Tape,,Tape & Reel,,0.3980336,,0.3726272,,10852,,7120,,1,,1,,https://octopart.com/click/track?ai=8237&sig=0abf8e7&sid=459&ppid=19050043&vpid=421261335&ct=offers,,https://octopart.com/click/track?ai=8237&sig=08b089e&sid=2401&ppid=19050043&vpid=37704418&ct=offers,,Arrow Electronics,C0603C362J5GACTU,,0.05462376,0.21849504,0.21849504,500,1,https://octopart.com/click/track?ai=8237&sig=0859a56&sid=1106&ppid=19050043&vpid=582317781&ct=offers,
4,399-8092-1-ND,KEMET,C0805C473J3GACTU,https://octopart.com/c0805c473j3gactu-kemet-9563153,C18 C35 C52 C69,,47nF  ±5%  25V  MLCC  C0G NP0  0805 (2012 Metric),4,399-8092-1-ND,,80-C0805C473J3G,8029879,Cut Tape,,Tape & Reel,,0.6690352,,0.508128,,72083,,46918,780,1,,1,10,https://octopart.com/click/track?ai=8237&sig=00b95f3&sid=459&ppid=9563153&vpid=51927254&ct=offers,,https://octopart.com/click/track?ai=8237&sig=04d818a&sid=2401&ppid=9563153&vpid=37684396&ct=offers,https://octopart.com/click/track?ai=8237&sig=0b42639&sid=10022&ppid=9563153&vpid=565531044&ct=offers,Newark,94M5640,Cut Tape,0.10416624,0.41666496,0.41666496,2528,1,https://octopart.com/click/track?ai=8237&sig=0df38e8&sid=2402&ppid=9563153&vpid=16453156&ct=offers,
4,399-17408-1-ND,KEMET,C0603C472J3GACTU,https://octopart.com/c0603c472j3gactu-kemet-11705710,C17 C34 C51 C68,,4.7nF  ±5%  25V  MLCC C0G NP0  0603 (1608 Metric),4,399-17408-1-ND,,80-C0603C472J3G,,Cut Tape,,Tape & Reel,,0.338752,,0.338752,,23001,,61708,,1,,1,,https://octopart.com/click/track?ai=8237&sig=0700862&sid=459&ppid=11705710&vpid=474626930&ct=offers,,https://octopart.com/click/track?ai=8237&sig=08d803d&sid=2401&ppid=11705710&vpid=39395563&ct=offers,,Quest,C0603C472J3GACTU,,0.1524384,0.6097536,0.6097536,63298,1,https://octopart.com/click/track?ai=8237&sig=03f7f14&sid=2412&ppid=11705710&vpid=199212594&ct=offers,
4,565-APXJ200ARA151MF61GCT-ND,United Chemi-Con,APXJ200ARA151MF61G,https://octopart.com/apxj200ara151mf61g-united+chemi-con-105791766,C1 C3 C98 C99,,150µF 20V Aluminum - Polymer Capacitors Radial  Can - SMD 23mOhm 15000 Hrs @ 105°C,4,565-APXJ200ARA151MF61GCT-ND,,,,Cut Tape,,,,0.5843472,,,,1700,,,,1,,,,https://octopart.com/click/track?c=1&ai=8237&sig=0899edf&sid=459&ppid=105791766&vpid=587734292&ct=offers,,,,Digi-Key,565-APXJ200ARA151MF61GCT-ND,Cut Tape,0.5843472,2.3373888,2.3373888,1700,1,https://octopart.com/click/track?c=1&ai=8237&sig=0899edf&sid=459&ppid=105791766&vpid=587734292&ct=offers,
2,490-9666-1-ND,Murata,GRM1885C1H103JA01D,https://octopart.com/grm1885c1h103ja01d-murata-29183412,C12 C7,,10000pF ±5% 50V Ceramic Capacitor C0G  NP0 0603 (1608 Metric),2,490-9666-1-ND,3104097,81-GRM1885C1H103JA1D,8151430,Cut Tape,Cut Tape,Tape & Reel,,0.1778448,0.16598848,0.1863136,,497350,255248,349069,7700,1,1,1,100,https://octopart.com/click/track?ai=8237&sig=06bfc24&sid=459&ppid=29183412&vpid=134455074&ct=offers,https://octopart.com/click/track?ai=8237&sig=0adfb3a&sid=2454&ppid=29183412&vpid=657019007&ct=offers,https://octopart.com/click/track?ai=8237&sig=0df4877&sid=2401&ppid=29183412&vpid=76846320&ct=offers,https://octopart.com/click/track?ai=8237&sig=0a53b1c&sid=10022&ppid=29183412&vpid=565631031&ct=offers,Freelance Electronics,GRM1885C1H103JA01D,,0.0133044848,0.0266089696,0.0266089696,2775,1,https://octopart.com/click/track?ai=8237&sig=0ba7368&sid=13062&ppid=29183412&vpid=592344894&ct=offers,
4,399-A767EB226M1VLAE050CT-ND,KEMET,A767EB226M1VLAE050,https://octopart.com/a767eb226m1vlae050-kemet-75360436,C85 C9 C13 C5,,22µF 35V Aluminum - Polymer Capacitors Radial  Can - SMD 50mOhm 2000 Hrs @ 105°C,4,399-A767EB226M1VLAE050CT-ND,,80-A767EB226M1VLAE50,,Cut Tape,,Tape & Reel,,0.6266912,,0.6859728,,3344,,1898,,1,,1,,https://octopart.com/click/track?ai=8237&sig=0179e98&sid=459&ppid=75360436&vpid=598801428&ct=offers,,https://octopart.com/click/track?ai=8237&sig=01f40f2&sid=2401&ppid=75360436&vpid=458144287&ct=offers,,Digi-Key,399-A767EB226M1VLAE050CT-ND,Cut Tape,0.6266912,2.5067648,2.5067648,3344,1,https://octopart.com/click/track?ai=8237&sig=0179e98&sid=459&ppid=75360436&vpid=598801428&ct=offers,
4,445-4536-1-ND,TDK,C3225X7S1H106K250AB,https://octopart.com/c3225x7s1h106k250ab-tdk-25947885,C16 C8 C15 C6,,10µF ±10% 50V Ceramic Capacitor X7S 1210 (3225 Metric),4,445-4536-1-ND,3103617,810-C3225X7S1H106K,7407795,Cut Tape,Cut Tape,Tape & Reel,,0.8722864,0.8976928,0.8722864,,128658,22397,174171,220,1,1,1,10,https://octopart.com/click/track?ai=8237&sig=0e7e633&sid=459&ppid=25947885&vpid=63975630&ct=offers,https://octopart.com/click/track?ai=8237&sig=0380b72&sid=2454&ppid=25947885&vpid=495873583&ct=offers,https://octopart.com/click/track?ai=8237&sig=0f38b64&sid=2401&ppid=25947885&vpid=87603424&ct=offers,https://octopart.com/click/track?ai=8237&sig=0283e62&sid=10022&ppid=25947885&vpid=565920517&ct=offers,Quest,C3225X7S1H106K,,0.63516,2.54064,2.54064,170,1,https://octopart.com/click/track?ai=8237&sig=0d91450&sid=2412&ppid=25947885&vpid=595354741&ct=offers,
1,311-1427-1-ND,Yageo,CC0603KRX7R9BB473,https://octopart.com/cc0603krx7r9bb473-yageo-9292680,C11,,0.047µF ±10% 50V Ceramic Capacitor X7R 0603 (1608 Metric),1,311-1427-1-ND,3556750,603-C0603KRX7R9BB473,6698811,Cut Tape,Cut Tape,Tape & Reel,,0.084688,0.08299424,0.084688,,504355,1480,146674,156000,1,1,1,4000,https://octopart.com/click/track?ai=8237&sig=0315182&sid=459&ppid=9292680&vpid=45699683&ct=offers,https://octopart.com/click/track?ai=8237&sig=0117666&sid=2454&ppid=9292680&vpid=110203593&ct=offers,https://octopart.com/click/track?ai=8237&sig=0a43454&sid=2401&ppid=9292680&vpid=75751493&ct=offers,https://octopart.com/click/track?ai=8237&sig=01c1b33&sid=10022&ppid=9292680&vpid=566107612&ct=offers,Arrow Electronics,CC0603KRX7R9BB473,Cut Tape,0.042428688,0.042428688,0.042428688,3948,1,https://octopart.com/click/track?ai=8237&sig=02df1a2&sid=1106&ppid=9292680&vpid=473547156&ct=offers,
2,1276-1029-1-ND,Samsung,CL21B105KBFNNNE,https://octopart.com/cl21b105kbfnnne-samsung-10518888,C14 C10,,1µF  ±10%  50V  MLCC X7R  0805 (2012 Metric),2,1276-1029-1-ND,8004007,,,Cut Tape,Cut Tape,,,0.1100944,0.14142896,,,836650,3424418,,,1,1,,,https://octopart.com/click/track?ai=8237&sig=0f51794&sid=459&ppid=10518888&vpid=72526127&ct=offers,https://octopart.com/click/track?ai=8237&sig=09df6f6&sid=2454&ppid=10518888&vpid=495872692&ct=offers,,,Quest,CL21B105KBFNNNE,,0.1016256,0.2032512,0.2032512,1219,1,https://octopart.com/click/track?ai=8237&sig=0174e02&sid=2412&ppid=10518888&vpid=507780084&ct=offers,
4,311-1787-1-ND,Yageo,CC0603KRX5R9BB105,https://octopart.com/cc0603krx5r9bb105-yageo-48690813,C91 C90 C88 C89,,1µF ±10% 50V Ceramic Capacitor X5R 0603 (1608 Metric),4,311-1787-1-ND,3114731,603-CC603KRX5R9BB105,2006554,Cut Tape,Cut Tape,Tape & Reel,,0.2201888,0.2074856,0.5335344,,30668,127096,55761,4000,1,1,1,4000,https://octopart.com/click/track?ai=8237&sig=033533e&sid=459&ppid=48690813&vpid=193846448&ct=offers,https://octopart.com/click/track?ai=8237&sig=0e0c805&sid=2454&ppid=48690813&vpid=657080527&ct=offers,https://octopart.com/click/track?ai=8237&sig=0d1a93b&sid=2401&ppid=48690813&vpid=193870227&ct=offers,https://octopart.com/click/track?ai=8237&sig=03d4fc0&sid=10022&ppid=48690813&vpid=654387875&ct=offers,Quest,CC0603KRX5R9BB105,,0.1778448,0.7113792,0.7113792,17,1,https://octopart.com/click/track?ai=8237&sig=0e5f4a5&sid=2412&ppid=48690813&vpid=599867522&ct=offers,
2,445-6098-1-ND,TDK,C3225X7R2A225K230AM,https://octopart.com/c3225x7r2a225k230am-tdk-25947876,C94 C96,,2.2µF ±10% 100V MLCC X7R 1210 (3225 Metric),2,445-6098-1-ND,,810-C3225X7R2A225KT5,9163030,Cut Tape,,Tape & Reel,,0.6012848,,0.63516,,14143,,54739,560,1,,1,10,https://octopart.com/click/track?ai=8237&sig=036ea9f&sid=459&ppid=25947876&vpid=63975537&ct=offers,,https://octopart.com/click/track?ai=8237&sig=058e846&sid=2401&ppid=25947876&vpid=66164787&ct=offers,https://octopart.com/click/track?ai=8237&sig=079c887&sid=10022&ppid=25947876&vpid=565920501&ct=offers,Digi-Key,445-6098-1-ND,Cut Tape,0.6012848,1.2025696,1.2025696,14143,1,https://octopart.com/click/track?ai=8237&sig=036ea9f&sid=459&ppid=25947876&vpid=63975537&ct=offers,
1,1276-2876-1-ND,Samsung,CL31A106KBHNNNE,https://octopart.com/cl31a106kbhnnne-samsung-19832778,C93,,10µF ±10% 50V MLCC X5R 1206 (3216 Metric),1,1276-2876-1-ND,2053393,,,Cut Tape,Cut Tape,,,0.3302832,0.4911904,,,1069944,1206456,,,1,1,,,https://octopart.com/click/track?ai=8237&sig=095f5c9&sid=459&ppid=19832778&vpid=72527730&ct=offers,https://octopart.com/click/track?ai=8237&sig=025274d&sid=2454&ppid=19832778&vpid=495872823&ct=offers,,,Digi-Key,1276-2876-1-ND,Cut Tape,0.3302832,0.3302832,0.3302832,1069944,1,https://octopart.com/click/track?ai=8237&sig=095f5c9&sid=459&ppid=19832778&vpid=72527730&ct=offers,
4,BAV199DW-FDITR-ND,Diodes Inc.,BAV199DW-7-F,https://octopart.com/bav199dw-7-f-diodes+inc.-326243,D2 D3 D4 D5,,Diode Array 2 Pair Series Connection Standard 85V 140mA (DC) Surface Mount 6-TSSOP  SC-88  SOT-363,4,BAV199DW-FDICT-ND,1129707,621-BAV199DW-F,7513437,Cut Tape,Tape & Reel,Tape & Reel,,0.3641584,,0.3641584,,191228,0,54867,1250,1,3000,1,25,https://octopart.com/click/track?ai=8237&sig=036db41&sid=459&ppid=326243&vpid=1225364&ct=offers,https://octopart.com/click/track?c=1&ai=8237&sig=02f63d1&sid=2454&ppid=326243&vpid=657124978&ct=offers,https://octopart.com/click/track?ai=8237&sig=07874d8&sid=2401&ppid=326243&vpid=37598637&ct=offers,https://octopart.com/click/track?ai=8237&sig=03350cf&sid=10022&ppid=326243&vpid=576072584&ct=offers,Quest,BAV199DW-7-F,,0.12872576,0.51490304,0.51490304,78,1,https://octopart.com/click/track?ai=8237&sig=01eedb2&sid=2412&ppid=326243&vpid=76824565&ct=offers,
4,1727-7807-1-ND,Nexperia,PMEG60T10ELRX,https://octopart.com/pmeg60t10elrx-nexperia-89940781,D6 D7 D8 D9,,Diode Schottky 60V 1A Surface Mount SOD-123W,4,1727-7807-1-ND,6110612,771-PMEG60T10ELRX,,Cut Tape,Tape & Reel,Tape & Reel,,0.3302832,,0.3302832,,3153,9000,4243,,1,3000,1,,https://octopart.com/click/track?ai=8237&sig=0f14e61&sid=459&ppid=89940781&vpid=479895611&ct=offers,https://octopart.com/click/track?ai=8237&sig=0f589fa&sid=2454&ppid=89940781&vpid=657023873&ct=offers,https://octopart.com/click/track?ai=8237&sig=0cc75ba&sid=2401&ppid=89940781&vpid=482921413&ct=offers,,Digi-Key,1727-7807-1-ND,Cut Tape,0.3302832,1.3211328,1.3211328,3153,1,https://octopart.com/click/track?ai=8237&sig=0f14e61&sid=459&ppid=89940781&vpid=479895611&ct=offers,
1,160-1478-1-ND,Lite-On,LTST-S270KGKT,https://octopart.com/ltst-s270kgkt-lite-on-549938,D1,,Green 571nm LED Indication - Discrete 2V 0603 (1608 Metric),1,160-1478-1-ND,,859-LTST-S270KGKT,6921219,Cut Tape,,Tape & Reel,,0.2032512,,0.21172,,370346,,68783,900,1,,1,50,https://octopart.com/click/track?ai=8237&sig=0f223b6&sid=459&ppid=549938&vpid=2114573&ct=offers,,https://octopart.com/click/track?ai=8237&sig=08a5440&sid=2401&ppid=549938&vpid=37629309&ct=offers,https://octopart.com/click/track?ai=8237&sig=0bf56d6&sid=10022&ppid=549938&vpid=565571485&ct=offers,Quest,LTST-S270KGKT,,0.07113792,0.07113792,0.07113792,7084,1,https://octopart.com/click/track?ai=8237&sig=0a561e0&sid=2412&ppid=549938&vpid=37084253&ct=offers,
2,MH1608-601YCT-ND,Bourns,MH1608-601Y,https://octopart.com/mh1608-601y-bourns-1717538,FB2 FB3,,600 Ohms @ 100MHz 1 Power  Signal Line Ferrite Bead 0603 (1608 Metric) 1A 200mOhm,2,MH1608-601YCT-ND,,652-MH1608-601Y,1814422,Cut Tape,,Tape & Reel,,0.084688,,0.084688,,4019,,4781,10000,1,,1,4000,https://octopart.com/click/track?ai=8237&sig=044cd9b&sid=459&ppid=1717538&vpid=50630664&ct=offers,,https://octopart.com/click/track?ai=8237&sig=0eaec5b&sid=2401&ppid=1717538&vpid=37704068&ct=offers,https://octopart.com/click/track?ai=8237&sig=0e4f6b6&sid=10022&ppid=1717538&vpid=565371649&ct=offers,Arrow Electronics,MH1608-601Y,Cut Tape,0.061060048,0.122120096,0.122120096,42,1,https://octopart.com/click/track?ai=8237&sig=0388c87&sid=1106&ppid=1717538&vpid=475899960&ct=offers,
1,A102197CT-ND,TE Connectivity,BMB2A1000LN2,https://octopart.com/bmb2a1000ln2-te+connectivity-7513312,FB1,,1 kOhms @ 100MHz 1  Ferrite Bead 0805 (2012 Metric) 350mA 300mOhm,1,A102197CT-ND,,571-2-1624117-0,,Cut Tape,,Tape & Reel,,0.1609072,,0.1609072,,76690,,46719,,1,,1,,https://octopart.com/click/track?ai=8237&sig=07c416d&sid=459&ppid=7513312&vpid=275737538&ct=offers,,https://octopart.com/click/track?ai=8237&sig=09e9d78&sid=2401&ppid=7513312&vpid=116318392&ct=offers,,Arrow Electronics,BMB2A1000LN2,Cut Tape,0.13931176,0.13931176,0.13931176,7392,1,https://octopart.com/click/track?ai=8237&sig=0d63dc9&sid=1106&ppid=7513312&vpid=486149341&ct=offers,
2,,,,,H3 H1,,Mounting Hole,2,,,,,,,,,,,,,,,,,,,,,,,,,,,,,,,,,,
1,A102025-ND,TE Connectivity,1-1337482-0,https://octopart.com/1-1337482-0-te+connectivity-40017790,J1,,SMB Connector Jack  Male Pin 50Ohm Through Hole Solder,1,A102025-ND,9012538,571-1-1337482-0,4205401,Bulk,Box,Bulk,,1.9816992,,2.48,2.03,10283,0,4566,112,1,50,1,1,https://octopart.com/click/track?ai=8237&sig=0ebc0f7&sid=459&ppid=40017790&vpid=198635084&ct=offers,https://octopart.com/click/track?c=1&ai=8237&sig=046cabd&sid=2454&ppid=40017790&vpid=657155948&ct=offers,https://octopart.com/click/track?ai=8237&sig=0877a83&sid=2401&ppid=40017790&vpid=118165618&ct=offers,https://octopart.com/click/track?ai=8237&sig=045e065&sid=10022&ppid=40017790&vpid=565926026&ct=offers,Arrow Electronics,1-1337482-0,,1.05309528,1.05309528,1.05309528,8109,1,https://octopart.com/click/track?ai=8237&sig=0c4082f&sid=1106&ppid=40017790&vpid=549118095&ct=offers,
1,A102025-ND,TE Connectivity,1-1337482-0,https://octopart.com/1-1337482-0-te+connectivity-40017790,J5,,SMB Connector Jack  Male Pin 50Ohm Through Hole Solder,1,A102025-ND,9012538,571-1-1337482-0,4205401,Bulk,Box,Bulk,,1.9816992,,2.48,2.03,10283,0,4566,112,1,50,1,1,https://octopart.com/click/track?ai=8237&sig=0ebc0f7&sid=459&ppid=40017790&vpid=198635084&ct=offers,https://octopart.com/click/track?c=1&ai=8237&sig=046cabd&sid=2454&ppid=40017790&vpid=657155948&ct=offers,https://octopart.com/click/track?ai=8237&sig=0877a83&sid=2401&ppid=40017790&vpid=118165618&ct=offers,https://octopart.com/click/track?ai=8237&sig=045e065&sid=10022&ppid=40017790&vpid=565926026&ct=offers,Arrow Electronics,1-1337482-0,,1.05309528,1.05309528,1.05309528,8109,1,https://octopart.com/click/track?ai=8237&sig=0c4082f&sid=1106&ppid=40017790&vpid=549118095&ct=offers,
1,A102025-ND,TE Connectivity,1-1337482-0,https://octopart.com/1-1337482-0-te+connectivity-40017790,J6,,SMB Connector Jack  Male Pin 50Ohm Through Hole Solder,1,A102025-ND,9012538,571-1-1337482-0,4205401,Bulk,Box,Bulk,,1.9816992,,2.48,2.03,10283,0,4566,112,1,50,1,1,https://octopart.com/click/track?ai=8237&sig=0ebc0f7&sid=459&ppid=40017790&vpid=198635084&ct=offers,https://octopart.com/click/track?c=1&ai=8237&sig=046cabd&sid=2454&ppid=40017790&vpid=657155948&ct=offers,https://octopart.com/click/track?ai=8237&sig=0877a83&sid=2401&ppid=40017790&vpid=118165618&ct=offers,https://octopart.com/click/track?ai=8237&sig=045e065&sid=10022&ppid=40017790&vpid=565926026&ct=offers,Arrow Electronics,1-1337482-0,,1.05309528,1.05309528,1.05309528,8109,1,https://octopart.com/click/track?ai=8237&sig=0c4082f&sid=1106&ppid=40017790&vpid=549118095&ct=offers,
1,A102025-ND,TE Connectivity,1-1337482-0,https://octopart.com/1-1337482-0-te+connectivity-40017790,J8,,SMB Connector Jack  Male Pin 50Ohm Through Hole Solder,1,A102025-ND,9012538,571-1-1337482-0,4205401,Bulk,Box,Bulk,,1.9816992,,2.48,2.03,10283,0,4566,112,1,50,1,1,https://octopart.com/click/track?ai=8237&sig=0ebc0f7&sid=459&ppid=40017790&vpid=198635084&ct=offers,https://octopart.com/click/track?c=1&ai=8237&sig=046cabd&sid=2454&ppid=40017790&vpid=657155948&ct=offers,https://octopart.com/click/track?ai=8237&sig=0877a83&sid=2401&ppid=40017790&vpid=118165618&ct=offers,https://octopart.com/click/track?ai=8237&sig=045e065&sid=10022&ppid=40017790&vpid=565926026&ct=offers,Arrow Electronics,1-1337482-0,,1.05309528,1.05309528,1.05309528,8109,1,https://octopart.com/click/track?ai=8237&sig=0c4082f&sid=1106&ppid=40017790&vpid=549118095&ct=offers,
1,A102025-ND,TE Connectivity,1-1337482-0,https://octopart.com/1-1337482-0-te+connectivity-40017790,J9,,SMB Connector Jack  Male Pin 50Ohm Through Hole Solder,1,A102025-ND,9012538,571-1-1337482-0,4205401,Bulk,Box,Bulk,,1.9816992,,2.48,2.03,10283,0,4566,112,1,50,1,1,https://octopart.com/click/track?ai=8237&sig=0ebc0f7&sid=459&ppid=40017790&vpid=198635084&ct=offers,https://octopart.com/click/track?c=1&ai=8237&sig=046cabd&sid=2454&ppid=40017790&vpid=657155948&ct=offers,https://octopart.com/click/track?ai=8237&sig=0877a83&sid=2401&ppid=40017790&vpid=118165618&ct=offers,https://octopart.com/click/track?ai=8237&sig=045e065&sid=10022&ppid=40017790&vpid=565926026&ct=offers,Arrow Electronics,1-1337482-0,,1.05309528,1.05309528,1.05309528,8109,1,https://octopart.com/click/track?ai=8237&sig=0c4082f&sid=1106&ppid=40017790&vpid=549118095&ct=offers,
1,A102025-ND,TE Connectivity,1-1337482-0,https://octopart.com/1-1337482-0-te+connectivity-40017790,J11,,SMB Connector Jack  Male Pin 50Ohm Through Hole Solder,1,A102025-ND,9012538,571-1-1337482-0,4205401,Bulk,Box,Bulk,,1.9816992,,2.48,2.03,10283,0,4566,112,1,50,1,1,https://octopart.com/click/track?ai=8237&sig=0ebc0f7&sid=459&ppid=40017790&vpid=198635084&ct=offers,https://octopart.com/click/track?c=1&ai=8237&sig=046cabd&sid=2454&ppid=40017790&vpid=657155948&ct=offers,https://octopart.com/click/track?ai=8237&sig=0877a83&sid=2401&ppid=40017790&vpid=118165618&ct=offers,https://octopart.com/click/track?ai=8237&sig=045e065&sid=10022&ppid=40017790&vpid=565926026&ct=offers,Arrow Electronics,1-1337482-0,,1.05309528,1.05309528,1.05309528,8109,1,https://octopart.com/click/track?ai=8237&sig=0c4082f&sid=1106&ppid=40017790&vpid=549118095&ct=offers,
1,A102025-ND,TE Connectivity,1-1337482-0,https://octopart.com/1-1337482-0-te+connectivity-40017790,J12,,SMB Connector Jack  Male Pin 50Ohm Through Hole Solder,1,A102025-ND,9012538,571-1-1337482-0,4205401,Bulk,Box,Bulk,,1.9816992,,2.48,2.03,10283,0,4566,112,1,50,1,1,https://octopart.com/click/track?ai=8237&sig=0ebc0f7&sid=459&ppid=40017790&vpid=198635084&ct=offers,https://octopart.com/click/track?c=1&ai=8237&sig=046cabd&sid=2454&ppid=40017790&vpid=657155948&ct=offers,https://octopart.com/click/track?ai=8237&sig=0877a83&sid=2401&ppid=40017790&vpid=118165618&ct=offers,https://octopart.com/click/track?ai=8237&sig=045e065&sid=10022&ppid=40017790&vpid=565926026&ct=offers,Arrow Electronics,1-1337482-0,,1.05309528,1.05309528,1.05309528,8109,1,https://octopart.com/click/track?ai=8237&sig=0c4082f&sid=1106&ppid=40017790&vpid=549118095&ct=offers,
1,A102025-ND,TE Connectivity,1-1337482-0,https://octopart.com/1-1337482-0-te+connectivity-40017790,J14,,SMB Connector Jack  Male Pin 50Ohm Through Hole Solder,1,A102025-ND,9012538,571-1-1337482-0,4205401,Bulk,Box,Bulk,,1.9816992,,2.48,2.03,10283,0,4566,112,1,50,1,1,https://octopart.com/click/track?ai=8237&sig=0ebc0f7&sid=459&ppid=40017790&vpid=198635084&ct=offers,https://octopart.com/click/track?c=1&ai=8237&sig=046cabd&sid=2454&ppid=40017790&vpid=657155948&ct=offers,https://octopart.com/click/track?ai=8237&sig=0877a83&sid=2401&ppid=40017790&vpid=118165618&ct=offers,https://octopart.com/click/track?ai=8237&sig=045e065&sid=10022&ppid=40017790&vpid=565926026&ct=offers,Arrow Electronics,1-1337482-0,,1.05309528,1.05309528,1.05309528,8109,1,https://octopart.com/click/track?ai=8237&sig=0c4082f&sid=1106&ppid=40017790&vpid=549118095&ct=offers,
1,A102025-ND,TE Connectivity,1-1337482-0,https://octopart.com/1-1337482-0-te+connectivity-40017790,J3,,SMB Connector Jack  Male Pin 50Ohm Through Hole Solder,1,A102025-ND,9012538,571-1-1337482-0,4205401,Bulk,Box,Bulk,,1.9816992,,2.48,2.03,10283,0,4566,112,1,50,1,1,https://octopart.com/click/track?ai=8237&sig=0ebc0f7&sid=459&ppid=40017790&vpid=198635084&ct=offers,https://octopart.com/click/track?c=1&ai=8237&sig=046cabd&sid=2454&ppid=40017790&vpid=657155948&ct=offers,https://octopart.com/click/track?ai=8237&sig=0877a83&sid=2401&ppid=40017790&vpid=118165618&ct=offers,https://octopart.com/click/track?ai=8237&sig=045e065&sid=10022&ppid=40017790&vpid=565926026&ct=offers,Arrow Electronics,1-1337482-0,,1.05309528,1.05309528,1.05309528,8109,1,https://octopart.com/click/track?ai=8237&sig=0c4082f&sid=1106&ppid=40017790&vpid=549118095&ct=offers,
1,A97555-ND,TE Connectivity,1-1634612-0,https://octopart.com/1-1634612-0-te+connectivity-41157662,J4,,BNC Connector Jack  Female Socket 50Ohm Panel Mount  Through Hole  Right Angle Solder,1,A97555-ND,2047162,571-1-1634612-0,5121247,Box,Bulk,Bulk,,1.7022288,,2.1256688,1.48,5248,0,1839,638,1,1000,1,1,https://octopart.com/click/track?ai=8237&sig=0e25aa0&sid=459&ppid=41157662&vpid=198635121&ct=offers,https://octopart.com/click/track?c=1&ai=8237&sig=0e980fe&sid=2454&ppid=41157662&vpid=657155984&ct=offers,https://octopart.com/click/track?ai=8237&sig=0b45d3c&sid=2401&ppid=41157662&vpid=115231681&ct=offers,https://octopart.com/click/track?ai=8237&sig=0eb85f3&sid=10022&ppid=41157662&vpid=565926754&ct=offers,Freelance Electronics,1-1634612-0,,0.804536,0.804536,0.804536,23,1,https://octopart.com/click/track?ai=8237&sig=0c459ad&sid=13062&ppid=41157662&vpid=632526917&ct=offers,
1,A97555-ND,TE Connectivity,1-1634612-0,https://octopart.com/1-1634612-0-te+connectivity-41157662,J7,,BNC Connector Jack  Female Socket 50Ohm Panel Mount  Through Hole  Right Angle Solder,1,A97555-ND,2047162,571-1-1634612-0,5121247,Box,Bulk,Bulk,,1.7022288,,2.1256688,1.48,5248,0,1839,638,1,1000,1,1,https://octopart.com/click/track?ai=8237&sig=0e25aa0&sid=459&ppid=41157662&vpid=198635121&ct=offers,https://octopart.com/click/track?c=1&ai=8237&sig=0e980fe&sid=2454&ppid=41157662&vpid=657155984&ct=offers,https://octopart.com/click/track?ai=8237&sig=0b45d3c&sid=2401&ppid=41157662&vpid=115231681&ct=offers,https://octopart.com/click/track?ai=8237&sig=0eb85f3&sid=10022&ppid=41157662&vpid=565926754&ct=offers,Freelance Electronics,1-1634612-0,,0.804536,0.804536,0.804536,23,1,https://octopart.com/click/track?ai=8237&sig=0c459ad&sid=13062&ppid=41157662&vpid=632526917&ct=offers,
1,A97555-ND,TE Connectivity,1-1634612-0,https://octopart.com/1-1634612-0-te+connectivity-41157662,J10,,BNC Connector Jack  Female Socket 50Ohm Panel Mount  Through Hole  Right Angle Solder,1,A97555-ND,2047162,571-1-1634612-0,5121247,Box,Bulk,Bulk,,1.7022288,,2.1256688,1.48,5248,0,1839,638,1,1000,1,1,https://octopart.com/click/track?ai=8237&sig=0e25aa0&sid=459&ppid=41157662&vpid=198635121&ct=offers,https://octopart.com/click/track?c=1&ai=8237&sig=0e980fe&sid=2454&ppid=41157662&vpid=657155984&ct=offers,https://octopart.com/click/track?ai=8237&sig=0b45d3c&sid=2401&ppid=41157662&vpid=115231681&ct=offers,https://octopart.com/click/track?ai=8237&sig=0eb85f3&sid=10022&ppid=41157662&vpid=565926754&ct=offers,Freelance Electronics,1-1634612-0,,0.804536,0.804536,0.804536,23,1,https://octopart.com/click/track?ai=8237&sig=0c459ad&sid=13062&ppid=41157662&vpid=632526917&ct=offers,
1,A97555-ND,TE Connectivity,1-1634612-0,https://octopart.com/1-1634612-0-te+connectivity-41157662,J13,,BNC Connector Jack  Female Socket 50Ohm Panel Mount  Through Hole  Right Angle Solder,1,A97555-ND,2047162,571-1-1634612-0,5121247,Box,Bulk,Bulk,,1.7022288,,2.1256688,1.48,5248,0,1839,638,1,1000,1,1,https://octopart.com/click/track?ai=8237&sig=0e25aa0&sid=459&ppid=41157662&vpid=198635121&ct=offers,https://octopart.com/click/track?c=1&ai=8237&sig=0e980fe&sid=2454&ppid=41157662&vpid=657155984&ct=offers,https://octopart.com/click/track?ai=8237&sig=0b45d3c&sid=2401&ppid=41157662&vpid=115231681&ct=offers,https://octopart.com/click/track?ai=8237&sig=0eb85f3&sid=10022&ppid=41157662&vpid=565926754&ct=offers,Freelance Electronics,1-1634612-0,,0.804536,0.804536,0.804536,23,1,https://octopart.com/click/track?ai=8237&sig=0c459ad&sid=13062&ppid=41157662&vpid=632526917&ct=offers,
1,609-5122-ND,Amphenol ICC / FCI,75869-331LF,https://octopart.com/75869-331lf-amphenol+icc+%2F+fci-90340657,J2,,"Connector Header Through Hole 6 position 0.100"" (2.54mm)""",1,609-5122-ND,1101129,649-75869-331LF,,Tube,Tube,Bulk,,0.4742528,0.3302832,0.4742528,,2781,900,1071,,1,1,1,,https://octopart.com/click/track?ai=8237&sig=0e491f1&sid=459&ppid=90340657&vpid=531337332&ct=offers,https://octopart.com/click/track?ai=8237&sig=00126d0&sid=2454&ppid=90340657&vpid=482939820&ct=offers,https://octopart.com/click/track?ai=8237&sig=0b8a99a&sid=2401&ppid=90340657&vpid=166184820&ct=offers,,Future Electronics,1101129,Tube,0.3302832,0.3302832,0.3302832,900,1,https://octopart.com/click/track?ai=8237&sig=00126d0&sid=2454&ppid=90340657&vpid=482939820&ct=offers,
1,1195-1143-ND,HARTING Elektronik,9031326921,https://octopart.com/09031326921-harting+elektronik-1509247,J15,,96 Position Din Connector Header  Male Pins  Through Hole  Right Angle,1,1195-1143-ND,1065551,617-09-03-132-6921,7406742,Box,Bulk,Bulk,,2.710016,,2.55,4.4,539,0,412,337,1,20,1,1,https://octopart.com/click/track?ai=8237&sig=0dfb74c&sid=459&ppid=1509247&vpid=49201039&ct=offers,https://octopart.com/click/track?c=1&ai=8237&sig=08f98e9&sid=2454&ppid=1509247&vpid=478715199&ct=offers,https://octopart.com/click/track?ai=8237&sig=07adafd&sid=2401&ppid=1509247&vpid=40480569&ct=offers,https://octopart.com/click/track?ai=8237&sig=0517183&sid=10022&ppid=1509247&vpid=565462068&ct=offers,Powell Electronics,9031326921,,1.355008,1.355008,1.355008,10,1,https://octopart.com/click/track?ai=8237&sig=0f90c7c&sid=19353&ppid=1509247&vpid=113693661&ct=offers,
1,609-5122-ND,Amphenol ICC / FCI,75869-331LF,https://octopart.com/75869-331lf-amphenol+icc+%2F+fci-90340657,J16,,"Connector Header Through Hole 6 position 0.100"" (2.54mm)""",1,609-5122-ND,1101129,649-75869-331LF,,Tube,Tube,Bulk,,0.4742528,0.3302832,0.4742528,,2781,900,1071,,1,1,1,,https://octopart.com/click/track?ai=8237&sig=0e491f1&sid=459&ppid=90340657&vpid=531337332&ct=offers,https://octopart.com/click/track?ai=8237&sig=00126d0&sid=2454&ppid=90340657&vpid=482939820&ct=offers,https://octopart.com/click/track?ai=8237&sig=0b8a99a&sid=2401&ppid=90340657&vpid=166184820&ct=offers,,Future Electronics,1101129,Tube,0.3302832,0.3302832,0.3302832,900,1,https://octopart.com/click/track?ai=8237&sig=00126d0&sid=2454&ppid=90340657&vpid=482939820&ct=offers,
1,61300211121,Würth Elektronik,61300211121,https://octopart.com/61300211121-w%C3%BCrth+elektronik-20081794,JP8,,"Connector Header Through Hole 2 position 0.100"" (2.54mm)""",1,732-5315-ND,9070620,710-61300211121,8281581,Bag,Bulk,Bulk,,0.1100944,,0.1100944,,112284,0,30417,1420,1,1000,1,5,https://octopart.com/click/track?ai=8237&sig=0cafe7a&sid=459&ppid=20081794&vpid=116457391&ct=offers,https://octopart.com/click/track?c=1&ai=8237&sig=0744194&sid=2454&ppid=20081794&vpid=657181141&ct=offers,https://octopart.com/click/track?ai=8237&sig=005cddc&sid=2401&ppid=20081794&vpid=37882831&ct=offers,https://octopart.com/click/track?ai=8237&sig=0459cb4&sid=10022&ppid=20081794&vpid=566080053&ct=offers,Digi-Key,732-5315-ND,Bag,0.1100944,0.1100944,0.1100944,112284,1,https://octopart.com/click/track?ai=8237&sig=0cafe7a&sid=459&ppid=20081794&vpid=116457391&ct=offers,
2,732-5315-ND,Würth Elektronik,61300211121,https://octopart.com/61300211121-w%C3%BCrth+elektronik-20081794,JP3 JP2,,"Connector Header Through Hole 2 position 0.100"" (2.54mm)""",2,732-5315-ND,9070620,710-61300211121,8281581,Bag,Bulk,Bulk,,0.1100944,,0.1100944,,112284,0,30417,1420,1,1000,1,5,https://octopart.com/click/track?ai=8237&sig=0cafe7a&sid=459&ppid=20081794&vpid=116457391&ct=offers,https://octopart.com/click/track?c=1&ai=8237&sig=0744194&sid=2454&ppid=20081794&vpid=657181141&ct=offers,https://octopart.com/click/track?ai=8237&sig=005cddc&sid=2401&ppid=20081794&vpid=37882831&ct=offers,https://octopart.com/click/track?ai=8237&sig=0459cb4&sid=10022&ppid=20081794&vpid=566080053&ct=offers,Digi-Key,732-5315-ND,Bag,0.1100944,0.2201888,0.2201888,112284,1,https://octopart.com/click/track?ai=8237&sig=0cafe7a&sid=459&ppid=20081794&vpid=116457391&ct=offers,
1,732-5315-ND,Würth Elektronik,61300211121,https://octopart.com/61300211121-w%C3%BCrth+elektronik-20081794,JP1,,"Connector Header Through Hole 2 position 0.100"" (2.54mm)""",1,732-5315-ND,9070620,710-61300211121,8281581,Bag,Bulk,Bulk,,0.1100944,,0.1100944,,112284,0,30417,1420,1,1000,1,5,https://octopart.com/click/track?ai=8237&sig=0cafe7a&sid=459&ppid=20081794&vpid=116457391&ct=offers,https://octopart.com/click/track?c=1&ai=8237&sig=0744194&sid=2454&ppid=20081794&vpid=657181141&ct=offers,https://octopart.com/click/track?ai=8237&sig=005cddc&sid=2401&ppid=20081794&vpid=37882831&ct=offers,https://octopart.com/click/track?ai=8237&sig=0459cb4&sid=10022&ppid=20081794&vpid=566080053&ct=offers,Digi-Key,732-5315-ND,Bag,0.1100944,0.1100944,0.1100944,112284,1,https://octopart.com/click/track?ai=8237&sig=0cafe7a&sid=459&ppid=20081794&vpid=116457391&ct=offers,
2,,,,,JP4 JP6,,Solder Jumper,2,,,,,,,,,,,,,,,,,,,,,,,,,,,,,,,,,,
1,,,,,JP7,,Solder Jumper,1,,,,,,,,,,,,,,,,,,,,,,,,,,,,,,,,,,
1,,,,,JP5,,Solder jumper,1,,,,,,,,,,,,,,,,,,,,,,,,,,,,,,,,,,
4,732-1488-6-ND,Würth Elektronik,744229,https://octopart.com/744229-w%C3%BCrth+elektronik-7861731,L1 L2 L3 L4,,6.5mH @ 10kHz 2 Line Common Mode Choke Surface Mount 18.4 kOhms @ 700kHz 400mA DCR 950mOhm,4,732-1488-1-ND,,710-744229,6170868,Cut Tape,,Tape & Reel,,2.0833248,,2.0833248,2.54,2139,,1930,239,1,,1,1,https://octopart.com/click/track?ai=8237&sig=066e08d&sid=459&ppid=7861731&vpid=33976886&ct=offers,,https://octopart.com/click/track?ai=8237&sig=067704f&sid=2401&ppid=7861731&vpid=37889879&ct=offers,https://octopart.com/click/track?ai=8237&sig=0d0fd51&sid=10022&ppid=7861731&vpid=566086473&ct=offers,Component Electronics,744229,,1.9543365072,7.8173460288,7.8173460288,588,1,https://octopart.com/click/track?ai=8237&sig=0c3a4da&sid=17279&ppid=7861731&vpid=212101871&ct=offers,DNI
1,2N7002NCT-ND,ON Semiconductor,2N7002,https://octopart.com/2n7002-on+semiconductor-8095615,Q1,,N-Channel 60V 115mA (Ta) 200mW (Ta) Surface Mount SOT-23 (TO-236AB),1,2N7002NCT-ND,3370509,512-2N7002,6710312,Cut Tape,Cut Tape,Tape & Reel,,0.2710016,0.3133456,0.2710016,,1149613,2562063,374843,2620,1,1,1,20,https://octopart.com/click/track?ai=8237&sig=01aed61&sid=459&ppid=8095615&vpid=452457168&ct=offers,https://octopart.com/click/track?ai=8237&sig=089eaf3&sid=2454&ppid=8095615&vpid=657029508&ct=offers,https://octopart.com/click/track?ai=8237&sig=042c2f9&sid=2401&ppid=8095615&vpid=438579570&ct=offers,https://octopart.com/click/track?ai=8237&sig=0ea6cb2&sid=10022&ppid=8095615&vpid=565665104&ct=offers,Voyager Components,2N7002-FAIRCHILD-1326,,0.0169376,0.0169376,0.0169376,2500,1,https://octopart.com/click/track?ai=8237&sig=083cc78&sid=2424&ppid=8095615&vpid=605263894&ct=offers,
4,,,,,R7 R22 R37 R52,,gain Resistor,4,,,,,,,,,,,,,,,,,,,,,,,,,,,,,,,,,,DNI
16,311-0.0GRCT-ND,Yageo,RC0603JR-070RL,https://octopart.com/rc0603jr-070rl-yageo-1241539,R3 R13 R14 R4 R18 R28 R29 R19 R33 R43 R44 R34 R48 R58 R59 R49,,0 Ohms Jumper 0.1W  1/10W Chip Resistor 0603 (1608 Metric)  Moisture Resistant Thick Film,16,311-0.0GRCT-ND,9008061,603-RC0603JR-070RL,1995646,Cut Tape,Cut Tape,Tape & Reel,,0.01524384,0.08299424,0.0127032,,14827890,18424954,4085985,4900,1,1,1,5000,https://octopart.com/click/track?ai=8237&sig=0c106d9&sid=459&ppid=1241539&vpid=115263549&ct=offers,https://octopart.com/click/track?ai=8237&sig=0ccce98&sid=2454&ppid=1241539&vpid=19679397&ct=offers,https://octopart.com/click/track?ai=8237&sig=079fa20&sid=2401&ppid=1241539&vpid=115233278&ct=offers,https://octopart.com/click/track?ai=8237&sig=074a8d2&sid=10022&ppid=1241539&vpid=654387959&ct=offers,GreenChips,RC0603JR-070RL,,0.00085,0.0136,0.0136,6277,1,https://octopart.com/click/track?ai=8237&sig=0a76145&sid=28947&ppid=1241539&vpid=600755019&ct=offers,
16,311-0.0GRCT-ND,Yageo,RC0603JR-070RL,https://octopart.com/rc0603jr-070rl-yageo-1241539,R5 R11 R10 R6 R20 R26 R25 R21 R35 R41 R40 R36 R50 R56 R55 R51,,0 Ohms Jumper 0.1W  1/10W Chip Resistor 0603 (1608 Metric)  Moisture Resistant Thick Film,16,311-0.0GRCT-ND,9008061,603-RC0603JR-070RL,1995646,Cut Tape,Cut Tape,Tape & Reel,,0.01524384,0.08299424,0.0127032,,14827890,18424954,4085985,4900,1,1,1,5000,https://octopart.com/click/track?ai=8237&sig=0c106d9&sid=459&ppid=1241539&vpid=115263549&ct=offers,https://octopart.com/click/track?ai=8237&sig=0ccce98&sid=2454&ppid=1241539&vpid=19679397&ct=offers,https://octopart.com/click/track?ai=8237&sig=079fa20&sid=2401&ppid=1241539&vpid=115233278&ct=offers,https://octopart.com/click/track?ai=8237&sig=074a8d2&sid=10022&ppid=1241539&vpid=654387959&ct=offers,GreenChips,RC0603JR-070RL,,0.00085,0.0136,0.0136,6277,1,https://octopart.com/click/track?ai=8237&sig=0a76145&sid=28947&ppid=1241539&vpid=600755019&ct=offers,DNI
8,541-5.10CCCT-ND,Vishay,CRCW08055R10FKEA,https://octopart.com/crcw08055r10fkea-vishay-42467176,R12 R15 R27 R30 R42 R45 R57 R60,,5.1 Ohms  ±1%  0.125W  0805 (2012 Metric)  Automotive AEC-Q200  Thick Film,8,541-5.10CCCT-ND,7722788,71-CRCW08055R10FKEA,,Cut Tape,Cut Tape,Tape & Reel,,0.084688,0.08299424,0.084688,,20440,5000,30035,,1,1,1,,https://octopart.com/click/track?ai=8237&sig=0abda2e&sid=459&ppid=42467176&vpid=119636794&ct=offers,https://octopart.com/click/track?ai=8237&sig=093c1e6&sid=2454&ppid=42467176&vpid=496600687&ct=offers,https://octopart.com/click/track?ai=8237&sig=043f717&sid=2401&ppid=42467176&vpid=116319573&ct=offers,,Newark,47P3744,Cut Tape,0.00254064,0.02032512,0.02032512,1168,1,https://octopart.com/click/track?ai=8237&sig=092e02e&sid=2402&ppid=42467176&vpid=115417187&ct=offers,
4,541-3694-1-ND,Vishay,TNPW060356K2BEEA,https://octopart.com/tnpw060356k2beea-vishay-42435973,R9 R24 R39 R54,,56.2 kOhms  ±0.1%  0.125W  0603 (1608 Metric)  Anti-Sulfur  Automotive AEC-Q200  Moisture Resistant  Thin Film,4,541-3694-1-ND,8103429,71-TNPW060356K2BEEA,,Cut Tape,Tape & Reel,Tape & Reel,,0.4996592,,0.5250656,,8076,0,7787,,1,5000,1,,https://octopart.com/click/track?ai=8237&sig=0b247b3&sid=459&ppid=42435973&vpid=431502314&ct=offers,https://octopart.com/click/track?c=1&ai=8237&sig=0809199&sid=2454&ppid=42435973&vpid=495693367&ct=offers,https://octopart.com/click/track?ai=8237&sig=0a929a4&sid=2401&ppid=42435973&vpid=165618462&ct=offers,,Arrow Electronics,TNPW060356K2BEEA,Cut Tape,0.369747808,1.478991232,1.478991232,1895,1,https://octopart.com/click/track?ai=8237&sig=096d79b&sid=1106&ppid=42435973&vpid=507449763&ct=offers,
4,541-3611-1-ND,Vishay,TNPW06031K69BEEA,https://octopart.com/tnpw06031k69beea-vishay-42438993,R8 R23 R38 R53,,1.69 kOhms  ±0.1%  0.125W  0603 (1608 Metric)  Anti-Sulfur  Automotive AEC-Q200  Moisture Resistant  Thin Film,4,541-3611-1-ND,,71-TNPW06031K69BEEA,,Cut Tape,,Tape & Reel,,0.4996592,,0.5420032,,6827,,1751,,1,,1,,https://octopart.com/click/track?ai=8237&sig=03dc1c0&sid=459&ppid=42438993&vpid=431502062&ct=offers,,https://octopart.com/click/track?ai=8237&sig=0289e2c&sid=2401&ppid=42438993&vpid=165618105&ct=offers,,Digi-Key,541-3611-1-ND,Cut Tape,0.4996592,1.9986368,1.9986368,6827,1,https://octopart.com/click/track?ai=8237&sig=03dc1c0&sid=459&ppid=42438993&vpid=431502062&ct=offers,
4,541-2003-1-ND,Vishay,TNPW06031K87BEEA,https://octopart.com/tnpw06031k87beea-vishay-42441901,R1 R16 R31 R46,,1.87 kOhms  ±0.1%  0.125W  0603 (1608 Metric)  Anti-Sulfur  Automotive AEC-Q200  Moisture Resistant  Thin Film,4,541-2003-1-ND,2113217,71-TNPW06031K87BEEA,,Cut Tape,Cut Tape,Tape & Reel,,0.4996592,0.5377688,0.5420032,,5402,14900,4086,,1,1,1,,https://octopart.com/click/track?ai=8237&sig=058ee45&sid=459&ppid=42441901&vpid=120575746&ct=offers,https://octopart.com/click/track?ai=8237&sig=055741a&sid=2454&ppid=42441901&vpid=657074874&ct=offers,https://octopart.com/click/track?ai=8237&sig=05beab5&sid=2401&ppid=42441901&vpid=116126023&ct=offers,,Quest,TNPW06031K87BEEA,,0.13719456,0.54877824,0.54877824,3870,1,https://octopart.com/click/track?ai=8237&sig=0087c65&sid=2412&ppid=42441901&vpid=249071031&ct=offers,
4,TNP24.9KAACT-ND,Vishay,TNPW060324K9BEEA,https://octopart.com/tnpw060324k9beea-vishay-42442060,R2 R17 R32 R47,,24.9 kOhms  ±0.1%  0.125W  0603 (1608 Metric)  Anti-Sulfur  Automotive AEC-Q200  Moisture Resistant  Thin Film,4,TNP24.9KAACT-ND,1054343,71-TNPW060324K9BEEA,,Cut Tape,Cut Tape,Tape & Reel,,0.4996592,0.5377688,0.5250656,,8797,0,7405,,1,1,1,,https://octopart.com/click/track?ai=8237&sig=03b9da1&sid=459&ppid=42442060&vpid=115225350&ct=offers,https://octopart.com/click/track?c=1&ai=8237&sig=0bc8436&sid=2454&ppid=42442060&vpid=416970943&ct=offers,https://octopart.com/click/track?ai=8237&sig=083c98c&sid=2401&ppid=42442060&vpid=116520523&ct=offers,,Newark,05R3608,Cut Tape,0.15074464,0.60297856,0.60297856,4081,1,https://octopart.com/click/track?ai=8237&sig=0a54995&sid=2402&ppid=42442060&vpid=249310104&ct=offers,
10,311-10.0KCRCT-ND,Yageo,RC0805FR-0710KL,https://octopart.com/rc0805fr-0710kl-yageo-40301103,R62 R63 R74 R66 R67 R68 R75 R69 R76 R73,,10 kOhms ±1% 0.125W  1/8W Chip Resistor 0805 (2012 Metric) Moisture Resistant Thick Film,10,311-10.0KCRCT-ND,5508098,603-RC0805FR-0710KL,6185163,Cut Tape,Cut Tape,Tape & Reel,,0.03302832,0.08299424,0.026,,18858295,755119,4327515,197,1,1,1,5000,https://octopart.com/click/track?ai=8237&sig=02e3450&sid=459&ppid=40301103&vpid=114983200&ct=offers,https://octopart.com/click/track?ai=8237&sig=0e8deca&sid=2454&ppid=40301103&vpid=416981992&ct=offers,https://octopart.com/click/track?ai=8237&sig=0ce41c7&sid=2401&ppid=40301103&vpid=114830364&ct=offers,https://octopart.com/click/track?ai=8237&sig=0fcbcab&sid=10022&ppid=40301103&vpid=566107743&ct=offers,Arrow Electronics,RC0805FR-0710KL,Cut Tape,0.01566728,0.1566728,0.1566728,4850,1,https://octopart.com/click/track?ai=8237&sig=0f10d76&sid=1106&ppid=40301103&vpid=475859977&ct=offers,
1,311-124KHRCT-ND,Yageo,RC0603FR-07124KL,https://octopart.com/rc0603fr-07124kl-yageo-1181373,R64,,124 kOhms ±1% 0.1W  1/10W Chip Resistor 0603 (1608 Metric) Moisture Resistant Thick Film,1,311-124KHRCT-ND,2857217,603-RC0603FR-07124KL,,Cut Tape,Cut Tape,Tape & Reel,,0.084688,0.08299424,0.084688,,74712,34377,54629,,1,1,1,,https://octopart.com/click/track?ai=8237&sig=0571ad6&sid=459&ppid=1181373&vpid=1125545&ct=offers,https://octopart.com/click/track?ai=8237&sig=0c4dfd4&sid=2454&ppid=1181373&vpid=110211575&ct=offers,https://octopart.com/click/track?ai=8237&sig=081b374&sid=2401&ppid=1181373&vpid=45874266&ct=offers,,Quest,RC0603FR-07124KL,,0.06097536,0.06097536,0.06097536,4800,1,https://octopart.com/click/track?ai=8237&sig=0eca94e&sid=2412&ppid=1181373&vpid=20017854&ct=offers,
1,311-115KHRCT-ND,Yageo,RC0603FR-07115KL,https://octopart.com/rc0603fr-07115kl-yageo-39802770,R61,,115 kOhms ±1% 0.1W  1/10W Chip Resistor 0603 (1608 Metric) Moisture Resistant Thick Film,1,311-115KHRCT-ND,1336957,603-RC0603FR-07115KL,,Cut Tape,Cut Tape,Tape & Reel,,0.084688,0.08299424,0.084688,,139797,54950,58597,,1,1,1,,https://octopart.com/click/track?ai=8237&sig=04a192c&sid=459&ppid=39802770&vpid=114982764&ct=offers,https://octopart.com/click/track?ai=8237&sig=0ddf88a&sid=2454&ppid=39802770&vpid=477064947&ct=offers,https://octopart.com/click/track?ai=8237&sig=0a81545&sid=2401&ppid=39802770&vpid=115161138&ct=offers,,ExcessParts.Net,RC0603FR-07115KL,,0.0084688,0.0084688,0.0084688,3850,1,https://octopart.com/click/track?ai=8237&sig=0ffd0da&sid=13803&ppid=39802770&vpid=135727487&ct=offers,
3,311-56KHRCT-ND,Yageo,RC0603FR-0756KL,https://octopart.com/rc0603fr-0756kl-yageo-41455254,R70 R72 R77,,56 kOhms ±1% 0.1W  1/10W Chip Resistor 0603 (1608 Metric) Moisture Resistant Thick Film,3,311-56KHRCT-ND,8098973,603-RC0603FR-0756KL,,Cut Tape,Cut Tape,Tape & Reel,,0.084688,0.08299424,0.084688,,1380733,1559986,493355,,1,1,1,,https://octopart.com/click/track?ai=8237&sig=014be49&sid=459&ppid=41455254&vpid=115141445&ct=offers,https://octopart.com/click/track?ai=8237&sig=0a851fd&sid=2454&ppid=41455254&vpid=476987562&ct=offers,https://octopart.com/click/track?ai=8237&sig=0aeb601&sid=2401&ppid=41455254&vpid=116521357&ct=offers,,Quest,RC0603FR-0756KL,,0.01016256,0.03048768,0.03048768,48401,1,https://octopart.com/click/track?ai=8237&sig=0ed931c&sid=2412&ppid=41455254&vpid=476230988&ct=offers,
1,311-200KHRCT-ND,Yageo,RC0603FR-07200KL,https://octopart.com/rc0603fr-07200kl-yageo-1190520,R71,,200 kOhms ±1% 0.1W  1/10W Chip Resistor 0603 (1608 Metric) Moisture Resistant Thick Film,1,311-200KHRCT-ND,5736392,603-RC0603FR-07200KL,1995486,Cut Tape,Cut Tape,Tape & Reel,,0.084688,0.08299424,0.084688,,1400714,3715238,894243,4900,1,1,1,5000,https://octopart.com/click/track?ai=8237&sig=090581a&sid=459&ppid=1190520&vpid=2026445&ct=offers,https://octopart.com/click/track?ai=8237&sig=089b0f5&sid=2454&ppid=1190520&vpid=19678967&ct=offers,https://octopart.com/click/track?ai=8237&sig=0f679c2&sid=2401&ppid=1190520&vpid=57541751&ct=offers,https://octopart.com/click/track?ai=8237&sig=0764a5a&sid=10022&ppid=1190520&vpid=656242088&ct=offers,Freelance Electronics,RC0603FR-07200KL,,0.000338752,0.000338752,0.000338752,7828,1,https://octopart.com/click/track?ai=8237&sig=08b85c3&sid=13062&ppid=1190520&vpid=319375670&ct=offers,
1,311-2.00CRCT-ND,Yageo,RC0805FR-072RL,https://octopart.com/rc0805fr-072rl-yageo-1181420,R78,,Snubber R,1,311-2.00CRCT-ND,9756495,603-RC0805FR-072RL,1995697,Cut Tape,Cut Tape,Tape & Reel,,0.084688,0.08299424,0.084688,,1704882,150000,146838,5000,1,1,1,5000,https://octopart.com/click/track?ai=8237&sig=0e7e445&sid=459&ppid=1181420&vpid=1925432&ct=offers,https://octopart.com/click/track?ai=8237&sig=0f715e3&sid=2454&ppid=1181420&vpid=19679722&ct=offers,https://octopart.com/click/track?ai=8237&sig=0afa39c&sid=2401&ppid=1181420&vpid=56155949&ct=offers,https://octopart.com/click/track?ai=8237&sig=02304be&sid=10022&ppid=1181420&vpid=658097364&ct=offers,Arrow Electronics,RC0805FR-072RL,Cut Tape,0.042936816,0.042936816,0.042936816,3446,1,https://octopart.com/click/track?ai=8237&sig=0c3f33a&sid=1106&ppid=1181420&vpid=591617715&ct=offers,DNI
1,541-2788-1-ND,Vishay,RCS06031K00FKEA,https://octopart.com/rcs06031k00fkea-vishay-75058670,R65,,1 kOhms ±1% 0.25W  1/4W Chip Resistor 0603 (1608 Metric) Automotive AEC-Q200  Pulse Withstanding Thick Film,1,541-2788-1-ND,,71-RCS06031K00FKEA,,Cut Tape,,Tape & Reel,,0.1185632,,0.127032,,16520,,8642,,1,,1,,https://octopart.com/click/track?ai=8237&sig=0f4f6e5&sid=459&ppid=75058670&vpid=251834840&ct=offers,,https://octopart.com/click/track?ai=8237&sig=0cf4443&sid=2401&ppid=75058670&vpid=266650608&ct=offers,,Digi-Key,541-2788-1-ND,Cut Tape,0.1185632,0.1185632,0.1185632,16520,1,https://octopart.com/click/track?ai=8237&sig=0f4f6e5&sid=459&ppid=75058670&vpid=251834840&ct=offers,
4,LT5400BIMS8E-4#PBF-ND,Analog Devices,LT5400BIMS8E-4#PBF,https://octopart.com/lt5400bims8e-4%23pbf-analog+devices-88316368,RN1 RN2 RN3 RN4,,"1k Ohm ±15% 800mW Power Per Element Isolated  Resistor Network/Array ±25ppm/°C 8-TSSOP  8-MSOP (0.118""  3.00mm Width) Exposed Pad""",4,LT5400BIMS8E-4#PBF-ND,,584-5400BIMS8E-4PBF,,Tube,,Tube,,8.1046416,,8.0961728,,2215,,1129,,1,,1,,https://octopart.com/click/track?ai=8237&sig=07dae5c&sid=459&ppid=88316368&vpid=650444160&ct=offers,,https://octopart.com/click/track?ai=8237&sig=05c93d2&sid=2401&ppid=88316368&vpid=457794773&ct=offers,,Verical,LT5400BIMS8E-4#PBF,,4.5392768,18.1571072,18.1571072,3,2,https://octopart.com/click/track?ai=8237&sig=074343b&sid=5489&ppid=88316368&vpid=581264749&ct=offers,
2,3314G-102ECT-ND,Bourns,3314G-1-102E,https://octopart.com/3314g-1-102e-bourns-98248,RV2 RV1,,1 kOhms 0.25W  1/4W Gull Wing Surface Mount Trimmer Potentiometer Cermet 1 Turn Top Adjustment,2,3314G-102ECT-ND,,652-3314G-1-102E,1001133,Cut Tape,,Tape & Reel,,1.778448,,1.7615104,,2145,,2509,210,1,,1,10,https://octopart.com/click/track?ai=8237&sig=0012f07&sid=459&ppid=98248&vpid=1526624&ct=offers,,https://octopart.com/click/track?ai=8237&sig=06d9816&sid=2401&ppid=98248&vpid=37636024&ct=offers,https://octopart.com/click/track?ai=8237&sig=0099b43&sid=10022&ppid=98248&vpid=565365526&ct=offers,Newark,59K0392,Cut Tape,0.56486896,1.12973792,1.12973792,134,1,https://octopart.com/click/track?ai=8237&sig=092fff4&sid=2402&ppid=98248&vpid=3002908&ct=offers,
4,AD8422ARZ-R7CT-ND,Analog Devices,AD8422ARZ-R7,https://octopart.com/ad8422arz-r7-analog+devices-21642225,U13 U7 U10 U4,,Instrumentation Amplifier  Rail-to-Rail  8-SOIC,4,AD8422ARZ-R7CT-ND,,584-AD8422ARZ-R7,,Cut Tape,,Tape & Reel,,5.4793136,,5.4793136,,38,,2391,,1,,1,,https://octopart.com/click/track?ai=8237&sig=0c4bff7&sid=459&ppid=21642225&vpid=127516585&ct=offers,,https://octopart.com/click/track?ai=8237&sig=0c6fdc6&sid=2401&ppid=21642225&vpid=457788869&ct=offers,,Utmel Electronic,AD8422ARZ-R7,,3.7410924,14.9643696,14.9643696,4700,1,https://octopart.com/click/track?ai=8237&sig=0c7872c&sid=29008&ppid=21642225&vpid=630860854&ct=offers,
4,AD8475ARMZ-ND,Analog Devices,AD8475ARMZ,https://octopart.com/ad8475armz-analog+devices-18994321,U5 U8 U11 U14,,Funnel Amplifier 1 Circuit Differential  Rail-to-Rail 10-MSOP,4,AD8475ARMZ-ND,,584-AD8475ARMZ,7590083,Tube,,Tube,,4.6663088,,4.6663088,4.64,437,,356,79,1,,1,1,https://octopart.com/click/track?ai=8237&sig=0a67239&sid=459&ppid=18994321&vpid=34767239&ct=offers,,https://octopart.com/click/track?ai=8237&sig=03f3726&sid=2401&ppid=18994321&vpid=77655572&ct=offers,https://octopart.com/click/track?ai=8237&sig=0e606de&sid=10022&ppid=18994321&vpid=565323871&ct=offers,CoreStaff,ST43539884,,4.12815028481579,16.5126011392632,16.5126011392632,200,1,https://octopart.com/click/track?ai=8237&sig=05c1f1e&sid=27968&ppid=18994321&vpid=654316920&ct=offers,
4,ADA4622-2BRZ-R7CT-ND,Analog Devices,ADA4622-2BRZ-R7,https://octopart.com/ada4622-2brz-r7-analog+devices-64887665,U3 U6 U9 U12,,J-FET Amplifier 2 Circuit Rail-to-Rail 8-SOIC,4,ADA4622-2BRZ-R7CT-ND,,584-ADA4622-2BRZ-R7,,Cut Tape,,Tape & Reel,,6.8089152,,6.8089152,,960,,2000,,1,,1,,https://octopart.com/click/track?ai=8237&sig=02ea15e&sid=459&ppid=64887665&vpid=423777320&ct=offers,,https://octopart.com/click/track?ai=8237&sig=066eaf6&sid=2401&ppid=64887665&vpid=253187474&ct=offers,,Arrow Electronics,ADA4622-2BRZ-R7,Cut Tape,6.17968336,24.71873344,24.71873344,73,1,https://octopart.com/click/track?ai=8237&sig=0f9292f&sid=1106&ppid=64887665&vpid=473144371&ct=offers,
1,296-47504-1-ND,Texas Instruments,TPS7A3901DSCT,https://octopart.com/tps7a3901dsct-texas+instruments-85102039,U1,,Linear Voltage Regulator IC  2 Output  150mA 10-WSON (3x3),1,296-47504-1-ND,,595-TPS7A3901DSCT,,Cut Tape,,Tape & Reel,,4.1327744,,4.1327744,,2954,,1653,,1,,1,,https://octopart.com/click/track?ai=8237&sig=05be639&sid=459&ppid=85102039&vpid=452722520&ct=offers,,https://octopart.com/click/track?ai=8237&sig=0225af2&sid=2401&ppid=85102039&vpid=449283270&ct=offers,,Texas Instruments,TPS7A3901DSCT,Cut Tape,2.86753568,2.86753568,2.86753568,44037,1,https://octopart.com/click/track?ai=8237&sig=08b819a&sid=27219&ppid=85102039&vpid=510707783&ct=offers,
1,ADP7104ARDZ-5.0-R7CT-ND,Analog Devices,ADP7104ARDZ-5.0-R7,https://octopart.com/adp7104ardz-5.0-r7-analog+devices-21054410,U2,,Linear Voltage Regulator  1 Output  500mA  8-SOIC-EP,1,ADP7104ARDZ-5.0-R7CT-ND,,584-ADP7104ARDZ5.0R7,,Cut Tape,,Tape & Reel,,4.0819616,,4.0819616,,662,,1812,,1,,1,,https://octopart.com/click/track?ai=8237&sig=01c9d54&sid=459&ppid=21054410&vpid=63805771&ct=offers,,https://octopart.com/click/track?ai=8237&sig=014c4ba&sid=2401&ppid=21054410&vpid=84769228&ct=offers,,Chip One Stop Japan,C1S103100971011,Cut Tape,1.71,1.71,1.71,1,1,https://octopart.com/click/track?ai=8237&sig=0ab3db9&sid=13512&ppid=21054410&vpid=278173558&ct=offers,
1,ADM1185ARMZ-1REEL7CT-ND,Analog Devices,ADM1185ARMZ-1REEL7,https://octopart.com/adm1185armz-1reel7-analog+devices-5447349,U16,,Supervisor Open Drain or Open Collector 4 Channel 10-MSOP,1,ADM1185ARMZ-1REEL7CT-ND,,584-ADM1185ARMZ1R7,,Cut Tape,,Tape & Reel,,3.4552704,,3.4552704,,477,,1600,,1,,1,,https://octopart.com/click/track?ai=8237&sig=05bf431&sid=459&ppid=5447349&vpid=34201677&ct=offers,,https://octopart.com/click/track?ai=8237&sig=06836a3&sid=2401&ppid=5447349&vpid=77165825&ct=offers,,Rochester Electronics,ADM1185ARMZ-1REEL7,,1.7530416,1.7530416,1.7530416,749,1,https://octopart.com/click/track?ai=8237&sig=043b672&sid=5832&ppid=5447349&vpid=84892288&ct=offers,
1,296-11934-1-ND,Texas Instruments,SN74LVC1G17DCKR,https://octopart.com/sn74lvc1g17dckr-texas+instruments-422864,U17,,Buffer  Non-Inverting 1 Element 1 Bit per Element Push-Pull Output SC-70-5,1,296-11934-1-ND,,595-SN74LVC1G17DCKR,,Cut Tape,,Tape & Reel,,0.2201888,,0.2286576,,149283,,49069,,1,,1,,https://octopart.com/click/track?ai=8237&sig=03c43d6&sid=459&ppid=422864&vpid=1702391&ct=offers,,https://octopart.com/click/track?ai=8237&sig=0eb2925&sid=2401&ppid=422864&vpid=37631443&ct=offers,,GreenChips,SN74LVC1G17DCKR,,0.02378,0.02378,0.02378,3586,1,https://octopart.com/click/track?ai=8237&sig=0f55c6e&sid=28947&ppid=422864&vpid=605277157&ct=offers,
1,ADP7118ARDZ-5.0-ND,Analog Devices,ADP7118ARDZ-5.0,https://octopart.com/adp7118ardz-5.0-analog+devices-38928074,U18,,Linear Voltage Regulator IC  1 Output  200mA 8-SOIC-EP,1,ADP7118ARDZ-5.0-ND,,584-ADP7118ARDZ-5.0,,Tube,,Tube,,1.947824,,1.9393552,,634,,722,,1,,1,,https://octopart.com/click/track?ai=8237&sig=0e75436&sid=459&ppid=38928074&vpid=252191706&ct=offers,,https://octopart.com/click/track?ai=8237&sig=0fa487e&sid=2401&ppid=38928074&vpid=261592784&ct=offers,,Arrow Electronics,ADP7118ARDZ-5.0,,1.736866192,1.736866192,1.736866192,360,1,https://octopart.com/click/track?ai=8237&sig=0e1426b&sid=1106&ppid=38928074&vpid=473147154&ct=offers,
1,296-51198-1-ND,Texas Instruments,ISO7720FDR,https://octopart.com/iso7720fdr-texas+instruments-76926139,U15,,"General Purpose Digital Isolator 3000Vrms 2 Channel 100Mbps 85kV/µs CMTI 8-SOIC (0.154""  3.90mm Width)""",1,296-51198-1-ND,,595-ISO7720FDR,,Cut Tape,,Tape & Reel,,1.7022288,,1.7022288,,2765,,3415,,1,,1,,https://octopart.com/click/track?ai=8237&sig=03f7368&sid=459&ppid=76926139&vpid=510698937&ct=offers,,https://octopart.com/click/track?ai=8237&sig=020c67b&sid=2401&ppid=76926139&vpid=458929004&ct=offers,,Texas Instruments,ISO7720FDR,Cut Tape,1.28979824,1.28979824,1.28979824,17962,1,https://octopart.com/click/track?ai=8237&sig=0129ae3&sid=27219&ppid=76926139&vpid=421274460&ct=offers,
