<?xml version="1.0" encoding="UTF-8"?>
<export version="D">
  <design>
    <source>D:\Projects\SPIdriver4Arduino\ArduinoSPIdriver_3V1\ArduinoShield_SPIlinedriver_Sync_2V0.sch</source>
    <date>2020-08-23 08:55:31</date>
    <tool>Eeschema (5.1.2)-1</tool>
    <sheet number="1" name="/" tstamps="/">
      <title_block>
        <title>ArduinoShield SPI-LineDriver, Synchronization2Exp, RTC capability</title>
        <company>RbSr QuSim</company>
        <rev>3.1</rev>
        <date>2020-08-20</date>
        <source>ArduinoShield_SPIlinedriver_Sync_2V0.sch</source>
        <comment number="1" value="Software by M. Borkowski (Arduino Due platform)"/>
        <comment number="2" value="Design by: L. Reichsöllner for RbSr QuSim (UvA)"/>
        <comment number="3" value="project: MFC (Level 3 Magnetic field stabilization)"/>
        <comment number="4" value="ArduinoShield: Interface for ArduinoDUE with precision A/D-D/A board"/>
      </title_block>
    </sheet>
    <sheet number="2" name="/Power1/" tstamps="/5F38132D/">
      <title_block>
        <title>ArduinoShield SPI-LineDriver, Synchronization2Exp, RTC capability</title>
        <company>RbSr QuSim</company>
        <rev>3.1</rev>
        <date>2020-08-20</date>
        <source>Power.sch</source>
        <comment number="1" value="Software by M. Borkowski (Arduino Due platform)"/>
        <comment number="2" value="Design by: L. Reichsöllner for RbSr QuSim (UvA)"/>
        <comment number="3" value="project: MFC (Level 3 Magnetic field stabilization)"/>
        <comment number="4" value="ArduinoShield: Interface for ArduinoDUE with precision A/D-D/A board"/>
      </title_block>
    </sheet>
  </design>
  <components>
    <comp ref="P1">
      <value>CONN_01X01</value>
      <footprint>Socket_Arduino_Mega:Arduino_1pin</footprint>
      <fields>
        <field name="DNI">DNI</field>
      </fields>
      <libsource lib="Connector_Generic" part="Conn_01x01" description="Generic connector, single row, 01x01, script generated (kicad-library-utils/schlib/autogen/connector/)"/>
      <sheetpath names="/" tstamps="/"/>
      <tstamp>56D70B71</tstamp>
    </comp>
    <comp ref="P2">
      <value>CONN_01X01</value>
      <footprint>Socket_Arduino_Mega:Arduino_1pin</footprint>
      <fields>
        <field name="DNI">DNI</field>
      </fields>
      <libsource lib="Connector_Generic" part="Conn_01x01" description="Generic connector, single row, 01x01, script generated (kicad-library-utils/schlib/autogen/connector/)"/>
      <sheetpath names="/" tstamps="/"/>
      <tstamp>56D70C9B</tstamp>
    </comp>
    <comp ref="P3">
      <value>CONN_01X01</value>
      <footprint>Socket_Arduino_Mega:Arduino_1pin</footprint>
      <fields>
        <field name="DNI">DNI</field>
      </fields>
      <libsource lib="Connector_Generic" part="Conn_01x01" description="Generic connector, single row, 01x01, script generated (kicad-library-utils/schlib/autogen/connector/)"/>
      <sheetpath names="/" tstamps="/"/>
      <tstamp>56D70CE6</tstamp>
    </comp>
    <comp ref="P4">
      <value>CONN_01X01</value>
      <footprint>Socket_Arduino_Mega:Arduino_1pin</footprint>
      <fields>
        <field name="DNI">DNI</field>
      </fields>
      <libsource lib="Connector_Generic" part="Conn_01x01" description="Generic connector, single row, 01x01, script generated (kicad-library-utils/schlib/autogen/connector/)"/>
      <sheetpath names="/" tstamps="/"/>
      <tstamp>56D70D2C</tstamp>
    </comp>
    <comp ref="P5">
      <value>CONN_01X01</value>
      <footprint>Socket_Arduino_Mega:Arduino_1pin</footprint>
      <fields>
        <field name="DNI">DNI</field>
      </fields>
      <libsource lib="Connector_Generic" part="Conn_01x01" description="Generic connector, single row, 01x01, script generated (kicad-library-utils/schlib/autogen/connector/)"/>
      <sheetpath names="/" tstamps="/"/>
      <tstamp>56D711A2</tstamp>
    </comp>
    <comp ref="P6">
      <value>CONN_01X01</value>
      <footprint>Socket_Arduino_Mega:Arduino_1pin</footprint>
      <fields>
        <field name="DNI">DNI</field>
      </fields>
      <libsource lib="Connector_Generic" part="Conn_01x01" description="Generic connector, single row, 01x01, script generated (kicad-library-utils/schlib/autogen/connector/)"/>
      <sheetpath names="/" tstamps="/"/>
      <tstamp>56D711F0</tstamp>
    </comp>
    <comp ref="P8">
      <value>Power</value>
      <footprint>Socket_Arduino_Mega:Socket_Strip_Arduino_1x08</footprint>
      <datasheet>http://suddendocs.samtec.com/catalog_english/ssq_th.pdf</datasheet>
      <fields>
        <field name="Detailed description">8 Position Receptacle Connector  Through Hole</field>
        <field name="DigiKey">SAM11912-ND</field>
        <field name="Manufacturer/Man.PartNum.">SSQ-108-03-F-S</field>
      </fields>
      <libsource lib="Connector_Generic" part="Conn_01x08" description="Generic connector, single row, 01x08, script generated (kicad-library-utils/schlib/autogen/connector/)"/>
      <sheetpath names="/" tstamps="/"/>
      <tstamp>56D71773</tstamp>
    </comp>
    <comp ref="P7">
      <value>PWM</value>
      <footprint>Socket_Arduino_Mega:Socket_Strip_Arduino_1x10</footprint>
      <datasheet>http://suddendocs.samtec.com/catalog_english/ssq_th.pdf</datasheet>
      <fields>
        <field name="Detailed description">10 Position Receptacle Connector  Through Hole</field>
        <field name="DigiKey">SAM1206-10-ND</field>
        <field name="Manufacturer/Man.PartNum.">SSQ-110-03-T-S</field>
      </fields>
      <libsource lib="Connector_Generic" part="Conn_01x10" description="Generic connector, single row, 01x10, script generated (kicad-library-utils/schlib/autogen/connector/)"/>
      <sheetpath names="/" tstamps="/"/>
      <tstamp>56D72368</tstamp>
    </comp>
    <comp ref="P9">
      <value>Analog</value>
      <footprint>Socket_Arduino_Mega:Socket_Strip_Arduino_1x08</footprint>
      <datasheet>http://suddendocs.samtec.com/catalog_english/ssq_th.pdf</datasheet>
      <fields>
        <field name="Detailed description">8 Position Receptacle Connector  Through Hole</field>
        <field name="DigiKey">SAM11912-ND</field>
        <field name="Manufacturer/Man.PartNum.">SSQ-108-03-F-S</field>
      </fields>
      <libsource lib="Connector_Generic" part="Conn_01x08" description="Generic connector, single row, 01x08, script generated (kicad-library-utils/schlib/autogen/connector/)"/>
      <sheetpath names="/" tstamps="/"/>
      <tstamp>56D72F1C</tstamp>
    </comp>
    <comp ref="P10">
      <value>PWM</value>
      <footprint>Socket_Arduino_Mega:Socket_Strip_Arduino_1x08</footprint>
      <datasheet>http://suddendocs.samtec.com/catalog_english/ssq_th.pdf</datasheet>
      <fields>
        <field name="Detailed description">8 Position Receptacle Connector  Through Hole</field>
        <field name="DigiKey">SAM11912-ND</field>
        <field name="Manufacturer/Man.PartNum.">SSQ-108-03-F-S</field>
      </fields>
      <libsource lib="Connector_Generic" part="Conn_01x08" description="Generic connector, single row, 01x08, script generated (kicad-library-utils/schlib/autogen/connector/)"/>
      <sheetpath names="/" tstamps="/"/>
      <tstamp>56D734D0</tstamp>
    </comp>
    <comp ref="P11">
      <value>Analog</value>
      <footprint>Socket_Arduino_Mega:Socket_Strip_Arduino_1x08</footprint>
      <datasheet>http://suddendocs.samtec.com/catalog_english/ssq_th.pdf</datasheet>
      <fields>
        <field name="Detailed description">8 Position Receptacle Connector  Through Hole</field>
        <field name="DigiKey">SAM11912-ND</field>
        <field name="Manufacturer/Man.PartNum.">SSQ-108-03-F-S</field>
      </fields>
      <libsource lib="Connector_Generic" part="Conn_01x08" description="Generic connector, single row, 01x08, script generated (kicad-library-utils/schlib/autogen/connector/)"/>
      <sheetpath names="/" tstamps="/"/>
      <tstamp>56D73A0E</tstamp>
    </comp>
    <comp ref="P12">
      <value>Communication</value>
      <footprint>Socket_Arduino_Mega:Socket_Strip_Arduino_1x08</footprint>
      <datasheet>http://suddendocs.samtec.com/catalog_english/ssq_th.pdf</datasheet>
      <fields>
        <field name="Detailed description">8 Position Receptacle Connector  Through Hole</field>
        <field name="DigiKey">SAM11912-ND</field>
        <field name="Manufacturer/Man.PartNum.">SSQ-108-03-F-S</field>
      </fields>
      <libsource lib="Connector_Generic" part="Conn_01x08" description="Generic connector, single row, 01x08, script generated (kicad-library-utils/schlib/autogen/connector/)"/>
      <sheetpath names="/" tstamps="/"/>
      <tstamp>56D73F2C</tstamp>
    </comp>
    <comp ref="P13">
      <value>Digital</value>
      <footprint>Socket_Arduino_Mega:Socket_Strip_Arduino_2x18</footprint>
      <fields>
        <field name="Detailed description">36 Position Receptacle Connector  Through Hole</field>
        <field name="DigiKey">SAM1204-18-ND</field>
        <field name="Manufacturer/Man.PartNum.">SSQ-118-03-T-D</field>
      </fields>
      <libsource lib="Connector_Generic" part="Conn_02x18_Odd_Even" description="Generic connector, double row, 02x18, odd/even pin numbering scheme (row 1 odd numbers, row 2 even numbers), script generated (kicad-library-utils/schlib/autogen/connector/)"/>
      <sheetpath names="/" tstamps="/"/>
      <tstamp>56D743B5</tstamp>
    </comp>
    <comp ref="U4">
      <value>74HC590A</value>
      <footprint>Package_SO:SOIC-16_3.9x9.9mm_P1.27mm</footprint>
      <datasheet>http://www.ti.com/lit/ds/symlink/sn74hc590a.pdf</datasheet>
      <fields>
        <field name="Detailed description">Counter IC Binary Counter 1 Element 8 Bit Positive Edge 16-SOIC</field>
        <field name="DigiKey">296-17132-1-ND</field>
        <field name="Manufacturer/Man.PartNum.">SN74HC590ADR</field>
      </fields>
      <libsource lib="74xx" part="74HC590A" description="8-bit Binary Counter with Output Register 3-State Outputs, DIP-16/SOIC-16/SOIC-16W"/>
      <sheetpath names="/" tstamps="/"/>
      <tstamp>5E52EB04</tstamp>
    </comp>
    <comp ref="U5">
      <value>74HC590A</value>
      <footprint>Package_SO:SOIC-16_3.9x9.9mm_P1.27mm</footprint>
      <datasheet>http://www.ti.com/lit/ds/symlink/sn74hc590a.pdf</datasheet>
      <fields>
        <field name="Detailed description">Counter IC Binary Counter 1 Element 8 Bit Positive Edge 16-SOIC</field>
        <field name="DigiKey">296-17132-1-ND</field>
        <field name="Manufacturer/Man.PartNum.">SN74HC590ADR</field>
      </fields>
      <libsource lib="74xx" part="74HC590A" description="8-bit Binary Counter with Output Register 3-State Outputs, DIP-16/SOIC-16/SOIC-16W"/>
      <sheetpath names="/" tstamps="/"/>
      <tstamp>5E531CEE</tstamp>
    </comp>
    <comp ref="J3">
      <value>SPI</value>
      <footprint>Connector_PinSocket_2.54mm:PinSocket_2x03_P2.54mm_Vertical</footprint>
      <datasheet>http://suddendocs.samtec.com/catalog_english/ssq_th.pdf</datasheet>
      <fields>
        <field name="Detailed description">6 Position Receptacle Connector  Through Hole</field>
        <field name="DigiKey">SAM1204-03-ND</field>
        <field name="Manufacturer/Man.PartNum.">SSQ-103-03-T-D</field>
      </fields>
      <libsource lib="Connector_Generic" part="Conn_02x03_Odd_Even" description="Generic connector, double row, 02x03, odd/even pin numbering scheme (row 1 odd numbers, row 2 even numbers), script generated (kicad-library-utils/schlib/autogen/connector/)"/>
      <sheetpath names="/" tstamps="/"/>
      <tstamp>5E54E7D5</tstamp>
    </comp>
    <comp ref="U1">
      <value>SN74LVTH541DWR</value>
      <footprint>Package_SO:TSSOP-20_4.4x6.5mm_P0.65mm</footprint>
      <datasheet>http://www.ti.com/general/docs/suppproductinfo.tsp?distId=10&amp;gotoUrl=http%3A%2F%2Fwww.ti.com%2Flit%2Fgpn%2Fsn74lvth541</datasheet>
      <fields>
        <field name="Detailed description">Buffer, Non-Inverting 1 Element 8 Bit per Element 3-State Output 20-TSSOP</field>
        <field name="DigiKey">296-8729-1-ND</field>
        <field name="Manufacturer/Man.PartNum.">SN74LVTH541PWR</field>
      </fields>
      <libsource lib="74xx" part="74LS541" description="8-bit Buffer/Line Driver 3-state outputs"/>
      <sheetpath names="/" tstamps="/"/>
      <tstamp>5E5DB29B</tstamp>
    </comp>
    <comp ref="C5">
      <value>100nF</value>
      <footprint>Capacitor_SMD:C_0603_1608Metric</footprint>
      <datasheet>https://katalog.we-online.de/pbs/datasheet/885012206071.pdf</datasheet>
      <fields>
        <field name="Detailed description">0.1µF ±10% 25V MLCC X7R 0603 (1608 Metric)</field>
        <field name="DigiKey">732-7989-1-ND</field>
        <field name="Manufacturer/Man.PartNum.">885012206071</field>
      </fields>
      <libsource lib="Device" part="C_Small" description="Unpolarized capacitor, small symbol"/>
      <sheetpath names="/" tstamps="/"/>
      <tstamp>5E53C009</tstamp>
    </comp>
    <comp ref="C7">
      <value>100nF</value>
      <footprint>Capacitor_SMD:C_0603_1608Metric</footprint>
      <datasheet>https://katalog.we-online.de/pbs/datasheet/885012206071.pdf</datasheet>
      <fields>
        <field name="Detailed description">0.1µF ±10% 25V MLCC X7R 0603 (1608 Metric)</field>
        <field name="DigiKey">732-7989-1-ND</field>
        <field name="Manufacturer/Man.PartNum.">885012206071</field>
      </fields>
      <libsource lib="Device" part="C_Small" description="Unpolarized capacitor, small symbol"/>
      <sheetpath names="/" tstamps="/"/>
      <tstamp>5E57EABC</tstamp>
    </comp>
    <comp ref="J5">
      <value>CLK 2MHz</value>
      <footprint>Connector_Coaxial:SMA_Amphenol_132291_Vertical</footprint>
      <datasheet> ~</datasheet>
      <fields>
        <field name="Detailed description">SMA Connector Jack, Female Socket 50Ohm Panel Mount, Through Hole Solder</field>
        <field name="DigiKey">ACX1976-ND</field>
        <field name="Manufacturer/Man.PartNum.">132291</field>
      </fields>
      <libsource lib="Connector" part="Conn_Coaxial" description="coaxial connector (BNC, SMA, SMB, SMC, Cinch/RCA, ...)"/>
      <sheetpath names="/" tstamps="/"/>
      <tstamp>5E58B7B4</tstamp>
    </comp>
    <comp ref="C3">
      <value>100nF</value>
      <footprint>Capacitor_SMD:C_0603_1608Metric</footprint>
      <datasheet>https://katalog.we-online.de/pbs/datasheet/885012206071.pdf</datasheet>
      <fields>
        <field name="Detailed description">0.1µF ±10% 25V MLCC X7R 0603 (1608 Metric)</field>
        <field name="DigiKey">732-7989-1-ND</field>
        <field name="Manufacturer/Man.PartNum.">885012206071</field>
      </fields>
      <libsource lib="Device" part="C_Small" description="Unpolarized capacitor, small symbol"/>
      <sheetpath names="/" tstamps="/"/>
      <tstamp>5EA5E8C0</tstamp>
    </comp>
    <comp ref="J7">
      <value>CLK EN</value>
      <footprint>Connector_Coaxial:SMA_Amphenol_132291_Vertical</footprint>
      <datasheet> ~</datasheet>
      <fields>
        <field name="Detailed description">SMA Connector Jack, Female Socket 50Ohm Panel Mount, Through Hole Solder</field>
        <field name="DigiKey">ACX1976-ND</field>
        <field name="Manufacturer/Man.PartNum.">132291</field>
      </fields>
      <libsource lib="Connector" part="Conn_Coaxial" description="coaxial connector (BNC, SMA, SMB, SMC, Cinch/RCA, ...)"/>
      <sheetpath names="/" tstamps="/"/>
      <tstamp>5E6EB48E</tstamp>
    </comp>
    <comp ref="SW1">
      <value>SW_Push</value>
      <footprint>digikey-footprints:WS-TASV_SwitchTactile_430471035826</footprint>
      <datasheet>https://katalog.we-online.de/em/datasheet/430471035826.pdf</datasheet>
      <fields>
        <field name="Detailed description">Tactile Switch SPST-NO Top Actuated Surface Mount</field>
        <field name="DigiKey">430471035826</field>
        <field name="Manufacturer/Man.PartNum.">430471035826</field>
      </fields>
      <libsource lib="Switch" part="SW_Push" description="Push button switch, generic, two pins"/>
      <sheetpath names="/" tstamps="/"/>
      <tstamp>5E76B2AC</tstamp>
    </comp>
    <comp ref="J2">
      <value>+3V3</value>
      <footprint>Connector_PinSocket_2.54mm:PinSocket_1x03_P2.54mm_Vertical</footprint>
      <datasheet>~</datasheet>
      <fields>
        <field name="Detailed description">3 Position Receptacle Connector  Through Hole</field>
        <field name="DigiKey">SAM1213-03-ND</field>
        <field name="Manufacturer/Man.PartNum.">SSW-103-01-T-S</field>
      </fields>
      <libsource lib="Connector_Generic" part="Conn_01x03" description="Generic connector, single row, 01x03, script generated (kicad-library-utils/schlib/autogen/connector/)"/>
      <sheetpath names="/" tstamps="/"/>
      <tstamp>5E954BD8</tstamp>
    </comp>
    <comp ref="J1">
      <value>GND</value>
      <footprint>Connector_PinSocket_2.54mm:PinSocket_1x03_P2.54mm_Vertical</footprint>
      <datasheet>~</datasheet>
      <fields>
        <field name="Detailed description">3 Position Receptacle Connector  Through Hole</field>
        <field name="DigiKey">SAM1213-03-ND</field>
        <field name="Manufacturer/Man.PartNum.">SSW-103-01-T-S</field>
      </fields>
      <libsource lib="Connector_Generic" part="Conn_01x03" description="Generic connector, single row, 01x03, script generated (kicad-library-utils/schlib/autogen/connector/)"/>
      <sheetpath names="/" tstamps="/"/>
      <tstamp>5E955D44</tstamp>
    </comp>
    <comp ref="J4">
      <value>SPIprim</value>
      <footprint>Connector_IDC:IDC-Header_2x08_P2.54mm_Vertical</footprint>
      <datasheet>https://cdn.amphenol-icc.com/media/wysiwyg/files/drawing/66506.pdf</datasheet>
      <fields>
        <field name="Detailed description">Connector Header Through Hole 16 position 0.100" (2.54mm)</field>
        <field name="DigiKey">609-3641-ND</field>
        <field name="Manufacturer/Man.PartNum.">66506-043LF</field>
      </fields>
      <libsource lib="Connector_Generic" part="Conn_02x08_Odd_Even" description="Generic connector, double row, 02x08, odd/even pin numbering scheme (row 1 odd numbers, row 2 even numbers), script generated (kicad-library-utils/schlib/autogen/connector/)"/>
      <sheetpath names="/" tstamps="/"/>
      <tstamp>5EE70CAD</tstamp>
    </comp>
    <comp ref="J6">
      <value>SPI2nd</value>
      <footprint>Connector_IDC:IDC-Header_2x08_P2.54mm_Vertical</footprint>
      <datasheet>https://cdn.amphenol-icc.com/media/wysiwyg/files/drawing/66506.pdf</datasheet>
      <fields>
        <field name="Detailed description">Connector Header Through Hole 16 position 0.100" (2.54mm)</field>
        <field name="DigiKey">609-3641-ND</field>
        <field name="Manufacturer/Man.PartNum.">66506-043LF</field>
      </fields>
      <libsource lib="Connector_Generic" part="Conn_02x08_Odd_Even" description="Generic connector, double row, 02x08, odd/even pin numbering scheme (row 1 odd numbers, row 2 even numbers), script generated (kicad-library-utils/schlib/autogen/connector/)"/>
      <sheetpath names="/" tstamps="/"/>
      <tstamp>5EE72138</tstamp>
    </comp>
    <comp ref="U2">
      <value>74LVC2G17</value>
      <footprint>Package_TO_SOT_SMD:SOT-363_SC-70-6</footprint>
      <datasheet>http://www.ti.com/general/docs/suppproductinfo.tsp?distId=10&amp;gotoUrl=http%3A%2F%2Fwww.ti.com%2Flit%2Fgpn%2Fsn74lvc2g17</datasheet>
      <fields>
        <field name="Detailed description">Buffer, Non-Inverting 2 Element 1 Bit per Element Push-Pull Output SC-70-6</field>
        <field name="DigiKey">296-13013-1-ND</field>
        <field name="Manufacturer/Man.PartNum.">SN74LVC2G17DCKR</field>
      </fields>
      <libsource lib="74xGxx" part="74LVC2G17" description="Dual Buffer Schmitt Triggered, Low-Voltage CMOS"/>
      <sheetpath names="/" tstamps="/"/>
      <tstamp>5EF69521</tstamp>
    </comp>
    <comp ref="U3">
      <value>74LVC2G17</value>
      <footprint>Package_TO_SOT_SMD:SOT-363_SC-70-6</footprint>
      <datasheet>http://www.ti.com/general/docs/suppproductinfo.tsp?distId=10&amp;gotoUrl=http%3A%2F%2Fwww.ti.com%2Flit%2Fgpn%2Fsn74lvc2g17</datasheet>
      <fields>
        <field name="Detailed description">Buffer, Non-Inverting 2 Element 1 Bit per Element Push-Pull Output SC-70-6</field>
        <field name="DigiKey">296-13013-1-ND</field>
        <field name="Manufacturer/Man.PartNum.">SN74LVC2G17DCKR</field>
      </fields>
      <libsource lib="74xGxx" part="74LVC2G17" description="Dual Buffer Schmitt Triggered, Low-Voltage CMOS"/>
      <sheetpath names="/" tstamps="/"/>
      <tstamp>5EFC2887</tstamp>
    </comp>
    <comp ref="C11">
      <value>100nF</value>
      <footprint>Capacitor_SMD:C_0603_1608Metric</footprint>
      <datasheet>https://katalog.we-online.de/pbs/datasheet/885012206071.pdf</datasheet>
      <fields>
        <field name="Detailed description">0.1µF ±10% 25V MLCC X7R 0603 (1608 Metric)</field>
        <field name="DigiKey">732-7989-1-ND</field>
        <field name="Manufacturer/Man.PartNum.">885012206071</field>
      </fields>
      <libsource lib="Device" part="C_Small" description="Unpolarized capacitor, small symbol"/>
      <sheetpath names="/" tstamps="/"/>
      <tstamp>5EFD7205</tstamp>
    </comp>
    <comp ref="C9">
      <value>100nF</value>
      <footprint>Capacitor_SMD:C_0603_1608Metric</footprint>
      <datasheet>https://katalog.we-online.de/pbs/datasheet/885012206071.pdf</datasheet>
      <fields>
        <field name="Detailed description">0.1µF ±10% 25V MLCC X7R 0603 (1608 Metric)</field>
        <field name="DigiKey">732-7989-1-ND</field>
        <field name="Manufacturer/Man.PartNum.">885012206071</field>
      </fields>
      <libsource lib="Device" part="C_Small" description="Unpolarized capacitor, small symbol"/>
      <sheetpath names="/" tstamps="/"/>
      <tstamp>5EFDAC53</tstamp>
    </comp>
    <comp ref="C2">
      <value>1uF</value>
      <footprint>Capacitor_SMD:C_0603_1608Metric</footprint>
      <datasheet>https://katalog.we-online.de/pbs/datasheet/885012206052.pdf</datasheet>
      <fields>
        <field name="Detailed description">1µF ±10% 16V MLCC X7R 0603 (1608 Metric)</field>
        <field name="DigiKey">732-7971-1-ND</field>
        <field name="Manufacturer/Man.PartNum.">885012206052</field>
      </fields>
      <libsource lib="Device" part="C_Small" description="Unpolarized capacitor, small symbol"/>
      <sheetpath names="/" tstamps="/"/>
      <tstamp>5EFDE6DC</tstamp>
    </comp>
    <comp ref="C4">
      <value>1uF</value>
      <footprint>Capacitor_SMD:C_0603_1608Metric</footprint>
      <datasheet>https://katalog.we-online.de/pbs/datasheet/885012206052.pdf</datasheet>
      <fields>
        <field name="Detailed description">1µF ±10% 16V MLCC X7R 0603 (1608 Metric)</field>
        <field name="DigiKey">732-7971-1-ND</field>
        <field name="Manufacturer/Man.PartNum.">885012206052</field>
      </fields>
      <libsource lib="Device" part="C_Small" description="Unpolarized capacitor, small symbol"/>
      <sheetpath names="/" tstamps="/"/>
      <tstamp>5EFE05AE</tstamp>
    </comp>
    <comp ref="C6">
      <value>1uF</value>
      <footprint>Capacitor_SMD:C_0603_1608Metric</footprint>
      <datasheet>https://katalog.we-online.de/pbs/datasheet/885012206052.pdf</datasheet>
      <fields>
        <field name="Detailed description">1µF ±10% 16V MLCC X7R 0603 (1608 Metric)</field>
        <field name="DigiKey">732-7971-1-ND</field>
        <field name="Manufacturer/Man.PartNum.">885012206052</field>
      </fields>
      <libsource lib="Device" part="C_Small" description="Unpolarized capacitor, small symbol"/>
      <sheetpath names="/" tstamps="/"/>
      <tstamp>5EFE266D</tstamp>
    </comp>
    <comp ref="C8">
      <value>1uF</value>
      <footprint>Capacitor_SMD:C_0603_1608Metric</footprint>
      <datasheet>https://katalog.we-online.de/pbs/datasheet/885012206052.pdf</datasheet>
      <fields>
        <field name="Detailed description">1µF ±10% 16V MLCC X7R 0603 (1608 Metric)</field>
        <field name="DigiKey">732-7971-1-ND</field>
        <field name="Manufacturer/Man.PartNum.">885012206052</field>
      </fields>
      <libsource lib="Device" part="C_Small" description="Unpolarized capacitor, small symbol"/>
      <sheetpath names="/" tstamps="/"/>
      <tstamp>5F028A82</tstamp>
    </comp>
    <comp ref="C10">
      <value>1uF</value>
      <footprint>Capacitor_SMD:C_0603_1608Metric</footprint>
      <datasheet>https://katalog.we-online.de/pbs/datasheet/885012206052.pdf</datasheet>
      <fields>
        <field name="Detailed description">1µF ±10% 16V MLCC X7R 0603 (1608 Metric)</field>
        <field name="DigiKey">732-7971-1-ND</field>
        <field name="Manufacturer/Man.PartNum.">885012206052</field>
      </fields>
      <libsource lib="Device" part="C_Small" description="Unpolarized capacitor, small symbol"/>
      <sheetpath names="/" tstamps="/"/>
      <tstamp>5F0297A1</tstamp>
    </comp>
    <comp ref="J9">
      <value>AutoCalibr</value>
      <footprint>Connector_IDC:IDC-Header_2x08_P2.54mm_Vertical</footprint>
      <datasheet>https://cdn.amphenol-icc.com/media/wysiwyg/files/drawing/66506.pdf</datasheet>
      <fields>
        <field name="Detailed description">Connector Header Through Hole 16 position 0.100" (2.54mm)</field>
        <field name="DigiKey">609-3641-ND</field>
        <field name="Manufacturer/Man.PartNum.">66506-043LF</field>
      </fields>
      <libsource lib="Connector_Generic" part="Conn_02x08_Odd_Even" description="Generic connector, double row, 02x08, odd/even pin numbering scheme (row 1 odd numbers, row 2 even numbers), script generated (kicad-library-utils/schlib/autogen/connector/)"/>
      <sheetpath names="/" tstamps="/"/>
      <tstamp>5F344CC6</tstamp>
    </comp>
    <comp ref="J10">
      <value>Vin</value>
      <footprint>digikey-footprints:BarrelJack_Wuerth_6941xx301002</footprint>
      <datasheet>https://katalog.we-online.de/em/datasheet/6941xx301002.pdf</datasheet>
      <fields>
        <field name="Detailed description">Power Barrel Connector Jack 2.10mm ID (0.083"), 5.50mm OD (0.217") Through Hole, Right Angle</field>
        <field name="DigiKey">732-5930-ND</field>
        <field name="Manufacturer/Man.PartNum.">694106301002</field>
      </fields>
      <libsource lib="Connector" part="Barrel_Jack_Switch" description="DC Barrel Jack with an internal switch"/>
      <sheetpath names="/" tstamps="/"/>
      <tstamp>5F366958</tstamp>
    </comp>
    <comp ref="J8">
      <value>LED</value>
      <footprint>Connector_IDC:IDC-Header_2x08_P2.54mm_Vertical</footprint>
      <datasheet>https://cdn.amphenol-icc.com/media/wysiwyg/files/drawing/66506.pdf</datasheet>
      <fields>
        <field name="Detailed description">Connector Header Through Hole 16 position 0.100" (2.54mm)</field>
        <field name="DigiKey">609-3641-ND</field>
        <field name="Manufacturer/Man.PartNum.">66506-043LF</field>
      </fields>
      <libsource lib="Connector_Generic" part="Conn_02x08_Odd_Even" description="Generic connector, double row, 02x08, odd/even pin numbering scheme (row 1 odd numbers, row 2 even numbers), script generated (kicad-library-utils/schlib/autogen/connector/)"/>
      <sheetpath names="/" tstamps="/"/>
      <tstamp>5F4DD2BD</tstamp>
    </comp>
    <comp ref="C1">
      <value>47uF</value>
      <footprint>Capacitor_Tantalum_SMD:CP_EIA-7343-30_AVX-N</footprint>
      <datasheet>https://www.murata.com/~/media/webrenewal/support/library/catalog/products/capacitor/polymer/c90e.ashx?la=en-us</datasheet>
      <fields>
        <field name="Detailed description">47µF 16V Aluminum - Polymer Capacitors 2917 (7343 Metric) 40mOhm 1000 Hrs @ 105°C</field>
        <field name="DigiKey">490-ECASD31C476M040KA0CT-ND</field>
        <field name="Manufacturer/Man.PartNum.">ECASD31C476M040KA0</field>
      </fields>
      <libsource lib="Device" part="CP_Small" description="Polarized capacitor, small symbol"/>
      <sheetpath names="/" tstamps="/"/>
      <tstamp>5F6A9504</tstamp>
    </comp>
    <comp ref="J11">
      <value>RTC_ADC_sync</value>
      <footprint>Connector_Coaxial:SMA_Amphenol_132291_Vertical</footprint>
      <datasheet> ~</datasheet>
      <fields>
        <field name="Detailed description">SMA Connector Jack, Female Socket 50Ohm Panel Mount, Through Hole Solder</field>
        <field name="DigiKey">ACX1976-ND</field>
        <field name="Manufacturer/Man.PartNum.">132291</field>
      </fields>
      <libsource lib="Connector" part="Conn_Coaxial" description="coaxial connector (BNC, SMA, SMB, SMC, Cinch/RCA, ...)"/>
      <sheetpath names="/" tstamps="/"/>
      <tstamp>5F7A9B4B</tstamp>
    </comp>
    <comp ref="R2">
      <value>50R</value>
      <footprint>Resistor_SMD:R_0603_1608Metric</footprint>
      <datasheet>http://www.vishay.com/docs/31098/rcp.pdf</datasheet>
      <fields>
        <field name="Detailed description">50 Ohms ±2% 1.5W Chip Resistor 0603 (1608 Metric) Moisture Resistant Thick Film</field>
        <field name="DigiKey">541-2655-1-ND</field>
        <field name="Manufacturer/Man.PartNum.">RCP0603W50R0GEB</field>
      </fields>
      <libsource lib="Device" part="R_Small" description="Resistor, small symbol"/>
      <sheetpath names="/" tstamps="/"/>
      <tstamp>5F7ABAD6</tstamp>
    </comp>
    <comp ref="C13">
      <value>2.2uF</value>
      <footprint>Capacitor_SMD:C_1210_3225Metric</footprint>
      <datasheet>https://product.tdk.com/info/en/catalog/datasheets/mlcc_commercial_openmode_en.pdf?ref_disty=digikey</datasheet>
      <fields>
        <field name="Detailed description">2.2µF ±10% 100V MLCC X7R 1210 (3225 Metric)</field>
        <field name="DigiKey">445-6098-1-ND</field>
        <field name="Manufacturer/Man.PartNum.">C3225X7R2A225K230AM</field>
      </fields>
      <libsource lib="Device" part="C_Small" description="Unpolarized capacitor, small symbol"/>
      <sheetpath names="/Power1/" tstamps="/5F38132D/"/>
      <tstamp>5E9C860A</tstamp>
    </comp>
    <comp ref="C15">
      <value>2.2uF</value>
      <footprint>Capacitor_SMD:C_1210_3225Metric</footprint>
      <datasheet>https://product.tdk.com/info/en/catalog/datasheets/mlcc_commercial_openmode_en.pdf?ref_disty=digikey</datasheet>
      <fields>
        <field name="Detailed description">2.2µF ±10% 100V MLCC X7R 1210 (3225 Metric)</field>
        <field name="DigiKey">445-6098-1-ND</field>
        <field name="Manufacturer/Man.PartNum.">C3225X7R2A225K230AM</field>
      </fields>
      <libsource lib="Device" part="C_Small" description="Unpolarized capacitor, small symbol"/>
      <sheetpath names="/Power1/" tstamps="/5F38132D/"/>
      <tstamp>5E9C8620</tstamp>
    </comp>
    <comp ref="C14">
      <value>100nF</value>
      <footprint>Capacitor_SMD:C_0805_2012Metric</footprint>
      <datasheet>https://katalog.we-online.de/pbs/datasheet/885012207098.pdf</datasheet>
      <fields>
        <field name="Detailed description">0.1µF ±10% 50V MLCC X7R 0805 (2012 Metric)</field>
        <field name="DigiKey">732-8080-1-ND</field>
        <field name="Manufacturer/Man.PartNum.">885012207098</field>
      </fields>
      <libsource lib="Device" part="C_Small" description="Unpolarized capacitor, small symbol"/>
      <sheetpath names="/Power1/" tstamps="/5F38132D/"/>
      <tstamp>5E9C8656</tstamp>
    </comp>
    <comp ref="FB1">
      <value>1k</value>
      <footprint>Inductor_SMD:L_0805_2012Metric</footprint>
      <datasheet>https://www.te.com/commerce/DocumentDelivery/DDEController?Action=srchrtrv&amp;DocNm=1773181&amp;DocType=DS&amp;DocLang=English</datasheet>
      <fields>
        <field name="Detailed description">1 kOhms @ 100MHz 1  Ferrite Bead 0805 (2012 Metric) 350mA 300mOhm</field>
        <field name="DigiKey">A102197CT-ND</field>
        <field name="Manufacturer/Man.PartNum.">BMB2A1000LN2</field>
      </fields>
      <libsource lib="Device" part="Ferrite_Bead_Small" description="Ferrite bead, small symbol"/>
      <sheetpath names="/Power1/" tstamps="/5F38132D/"/>
      <tstamp>5EDF31FD</tstamp>
    </comp>
    <comp ref="C12">
      <value>10uF</value>
      <footprint>Capacitor_SMD:C_1206_3216Metric</footprint>
      <datasheet>http://www.samsungsem.com/kr/support/product-search/mlcc/CL31A106KBHNNNE.jsp</datasheet>
      <fields>
        <field name="Detailed description">10µF ±10% 50V MLCC X5R 1206 (3216 Metric)</field>
        <field name="DigiKey">1276-2876-1-ND</field>
        <field name="Manufacturer/Man.PartNum.">CL31A106KBHNNNE</field>
      </fields>
      <libsource lib="Device" part="C_Small" description="Unpolarized capacitor, small symbol"/>
      <sheetpath names="/Power1/" tstamps="/5F38132D/"/>
      <tstamp>5EB313B2</tstamp>
    </comp>
    <comp ref="C16">
      <value>100nF</value>
      <footprint>Capacitor_SMD:C_0805_2012Metric</footprint>
      <datasheet>https://katalog.we-online.de/pbs/datasheet/885012207098.pdf</datasheet>
      <fields>
        <field name="DNI">DNI</field>
        <field name="Detailed description">0.1µF ±10% 50V MLCC X7R 0805 (2012 Metric)</field>
        <field name="DigiKey">732-8080-1-ND</field>
        <field name="Manufacturer/Man.PartNum.">885012207098</field>
      </fields>
      <libsource lib="Device" part="C_Small" description="Unpolarized capacitor, small symbol"/>
      <sheetpath names="/Power1/" tstamps="/5F38132D/"/>
      <tstamp>5EB068AF</tstamp>
    </comp>
    <comp ref="R1">
      <value>2R</value>
      <footprint>Resistor_SMD:R_0805_2012Metric</footprint>
      <datasheet>~</datasheet>
      <fields>
        <field name="DNI">DNI</field>
        <field name="Detailed description">2 Ohms ±1% 0.125W, 1/8W Chip Resistor 0805 (2012 Metric) Moisture Resistant Thick Film</field>
        <field name="DigiKey">311-2.00CRCT-ND</field>
        <field name="Manufacturer/Man.PartNum.">RC0805FR-072RL</field>
      </fields>
      <libsource lib="Device" part="R_Small" description="Resistor, small symbol"/>
      <sheetpath names="/Power1/" tstamps="/5F38132D/"/>
      <tstamp>5EB0738E</tstamp>
    </comp>
    <comp ref="U6">
      <value>ADP7104ARDZ-3.3</value>
      <footprint>Package_SO:SOIC-8-1EP_3.9x4.9mm_P1.27mm_EP2.41x3.81mm</footprint>
      <datasheet>https://www.analog.com/media/en/technical-documentation/data-sheets/ADP7104.pdf</datasheet>
      <fields>
        <field name="Detailed description">Linear Voltage Regulator IC  1 Output  500mA 8-SOIC-EP</field>
        <field name="DigiKey">ADP7104ARDZ-3.3-R7CT-ND</field>
        <field name="Manufacturer/Man.PartNum.">ADP7104ARDZ-3.3-R7</field>
      </fields>
      <libsource lib="ADP7104ARDZ-R7" part="ADP7104ARDZ-R7" description=""/>
      <sheetpath names="/Power1/" tstamps="/5F38132D/"/>
      <tstamp>5F404326</tstamp>
    </comp>
  </components>
  <libparts>
    <libpart lib="74xGxx" part="74LVC2G17">
      <description>Dual Buffer Schmitt Triggered, Low-Voltage CMOS</description>
      <docs>http://www.ti.com/lit/sg/scyt129e/scyt129e.pdf</docs>
      <footprints>
        <fp>SG-*</fp>
        <fp>SOT*</fp>
      </footprints>
      <fields>
        <field name="Reference">U</field>
        <field name="Value">74LVC2G17</field>
      </fields>
      <pins>
        <pin num="1" name="~" type="input"/>
        <pin num="2" name="GND" type="power_in"/>
        <pin num="3" name="~" type="input"/>
        <pin num="4" name="~" type="output"/>
        <pin num="5" name="VCC" type="power_in"/>
        <pin num="6" name="~" type="output"/>
      </pins>
    </libpart>
    <libpart lib="74xx" part="74HC590">
      <aliases>
        <alias>74LS590</alias>
        <alias>74HC590A</alias>
      </aliases>
      <description>8-bit Binary Counter with Output Register 3-State Outputs, SOIC-16/TSSOP-16</description>
      <docs>https://assets.nexperia.com/documents/data-sheet/74HC590.pdf</docs>
      <footprints>
        <fp>DIP*W7.62mm*</fp>
        <fp>SOIC*3.9x9.9mm*P1.27mm*</fp>
        <fp>TSSOP*4.4x5mm*P0.65mm*</fp>
        <fp>SOIC*5.3x10.2mm*P1.27mm*</fp>
        <fp>SOIC*7.5x10.3mm*P1.27mm*</fp>
      </footprints>
      <fields>
        <field name="Reference">U</field>
        <field name="Value">74HC590</field>
      </fields>
      <pins>
        <pin num="1" name="Q1" type="3state"/>
        <pin num="2" name="Q2" type="3state"/>
        <pin num="3" name="Q3" type="3state"/>
        <pin num="4" name="Q4" type="3state"/>
        <pin num="5" name="Q5" type="3state"/>
        <pin num="6" name="Q6" type="3state"/>
        <pin num="7" name="Q7" type="3state"/>
        <pin num="8" name="GND" type="power_in"/>
        <pin num="9" name="~RCO" type="output"/>
        <pin num="10" name="~MRC" type="input"/>
        <pin num="11" name="CPC" type="input"/>
        <pin num="12" name="~CE" type="input"/>
        <pin num="13" name="CPR" type="input"/>
        <pin num="14" name="~OE" type="input"/>
        <pin num="15" name="Q0" type="3state"/>
        <pin num="16" name="VCC" type="power_in"/>
      </pins>
    </libpart>
    <libpart lib="74xx" part="74LS541">
      <aliases>
        <alias>74HCT541</alias>
      </aliases>
      <description>8-bit Buffer/Line Driver 3-state outputs</description>
      <docs>http://www.ti.com/lit/gpn/sn74LS541</docs>
      <footprints>
        <fp>DIP?20*</fp>
      </footprints>
      <fields>
        <field name="Reference">U</field>
        <field name="Value">74LS541</field>
      </fields>
      <pins>
        <pin num="1" name="G1" type="input"/>
        <pin num="2" name="A0" type="input"/>
        <pin num="3" name="A1" type="input"/>
        <pin num="4" name="A2" type="input"/>
        <pin num="5" name="A3" type="input"/>
        <pin num="6" name="A4" type="input"/>
        <pin num="7" name="A5" type="input"/>
        <pin num="8" name="A6" type="input"/>
        <pin num="9" name="A7" type="input"/>
        <pin num="10" name="GND" type="power_in"/>
        <pin num="11" name="Y7" type="3state"/>
        <pin num="12" name="Y6" type="3state"/>
        <pin num="13" name="Y5" type="3state"/>
        <pin num="14" name="Y4" type="3state"/>
        <pin num="15" name="Y3" type="3state"/>
        <pin num="16" name="Y2" type="3state"/>
        <pin num="17" name="Y1" type="3state"/>
        <pin num="18" name="Y0" type="3state"/>
        <pin num="19" name="G2" type="input"/>
        <pin num="20" name="VCC" type="power_in"/>
      </pins>
    </libpart>
    <libpart lib="ADP7104ARDZ-R7" part="ADP7104ARDZ-R7">
      <footprints>
        <fp>RD_8_2</fp>
      </footprints>
      <fields>
        <field name="Reference">U</field>
        <field name="Value">ADP7104ARDZ-R7</field>
        <field name="Footprint">RD_8_2</field>
      </fields>
      <pins>
        <pin num="1" name="VOUT" type="power_out"/>
        <pin num="2" name="SENS/ADJ" type="input"/>
        <pin num="3" name="GND" type="power_in"/>
        <pin num="4" name="NC" type="NotConnected"/>
        <pin num="5" name="EN/UVLO" type="input"/>
        <pin num="6" name="GND" type="power_in"/>
        <pin num="7" name="PG" type="openCol"/>
        <pin num="8" name="VIN" type="power_in"/>
        <pin num="9" name="EP" type="power_in"/>
      </pins>
    </libpart>
    <libpart lib="Connector" part="Barrel_Jack_Switch">
      <description>DC Barrel Jack with an internal switch</description>
      <docs>~</docs>
      <footprints>
        <fp>BarrelJack*</fp>
      </footprints>
      <fields>
        <field name="Reference">J</field>
        <field name="Value">Barrel_Jack_Switch</field>
      </fields>
      <pins>
        <pin num="1" name="~" type="passive"/>
        <pin num="2" name="~" type="passive"/>
        <pin num="3" name="~" type="passive"/>
      </pins>
    </libpart>
    <libpart lib="Connector" part="Conn_Coaxial">
      <description>coaxial connector (BNC, SMA, SMB, SMC, Cinch/RCA, ...)</description>
      <docs> ~</docs>
      <footprints>
        <fp>*BNC*</fp>
        <fp>*SMA*</fp>
        <fp>*SMB*</fp>
        <fp>*SMC*</fp>
        <fp>*Cinch*</fp>
      </footprints>
      <fields>
        <field name="Reference">J</field>
        <field name="Value">Conn_Coaxial</field>
      </fields>
      <pins>
        <pin num="1" name="In" type="passive"/>
        <pin num="2" name="Ext" type="passive"/>
      </pins>
    </libpart>
    <libpart lib="Connector_Generic" part="Conn_01x01">
      <description>Generic connector, single row, 01x01, script generated (kicad-library-utils/schlib/autogen/connector/)</description>
      <docs>~</docs>
      <footprints>
        <fp>Connector*:*</fp>
      </footprints>
      <fields>
        <field name="Reference">J</field>
        <field name="Value">Conn_01x01</field>
      </fields>
      <pins>
        <pin num="1" name="Pin_1" type="passive"/>
      </pins>
    </libpart>
    <libpart lib="Connector_Generic" part="Conn_01x03">
      <description>Generic connector, single row, 01x03, script generated (kicad-library-utils/schlib/autogen/connector/)</description>
      <docs>~</docs>
      <footprints>
        <fp>Connector*:*_1x??_*</fp>
      </footprints>
      <fields>
        <field name="Reference">J</field>
        <field name="Value">Conn_01x03</field>
      </fields>
      <pins>
        <pin num="1" name="Pin_1" type="passive"/>
        <pin num="2" name="Pin_2" type="passive"/>
        <pin num="3" name="Pin_3" type="passive"/>
      </pins>
    </libpart>
    <libpart lib="Connector_Generic" part="Conn_01x08">
      <description>Generic connector, single row, 01x08, script generated (kicad-library-utils/schlib/autogen/connector/)</description>
      <docs>~</docs>
      <footprints>
        <fp>Connector*:*_1x??_*</fp>
      </footprints>
      <fields>
        <field name="Reference">J</field>
        <field name="Value">Conn_01x08</field>
      </fields>
      <pins>
        <pin num="1" name="Pin_1" type="passive"/>
        <pin num="2" name="Pin_2" type="passive"/>
        <pin num="3" name="Pin_3" type="passive"/>
        <pin num="4" name="Pin_4" type="passive"/>
        <pin num="5" name="Pin_5" type="passive"/>
        <pin num="6" name="Pin_6" type="passive"/>
        <pin num="7" name="Pin_7" type="passive"/>
        <pin num="8" name="Pin_8" type="passive"/>
      </pins>
    </libpart>
    <libpart lib="Connector_Generic" part="Conn_01x10">
      <description>Generic connector, single row, 01x10, script generated (kicad-library-utils/schlib/autogen/connector/)</description>
      <docs>~</docs>
      <footprints>
        <fp>Connector*:*_1x??_*</fp>
      </footprints>
      <fields>
        <field name="Reference">J</field>
        <field name="Value">Conn_01x10</field>
      </fields>
      <pins>
        <pin num="1" name="Pin_1" type="passive"/>
        <pin num="2" name="Pin_2" type="passive"/>
        <pin num="3" name="Pin_3" type="passive"/>
        <pin num="4" name="Pin_4" type="passive"/>
        <pin num="5" name="Pin_5" type="passive"/>
        <pin num="6" name="Pin_6" type="passive"/>
        <pin num="7" name="Pin_7" type="passive"/>
        <pin num="8" name="Pin_8" type="passive"/>
        <pin num="9" name="Pin_9" type="passive"/>
        <pin num="10" name="Pin_10" type="passive"/>
      </pins>
    </libpart>
    <libpart lib="Connector_Generic" part="Conn_02x03_Odd_Even">
      <description>Generic connector, double row, 02x03, odd/even pin numbering scheme (row 1 odd numbers, row 2 even numbers), script generated (kicad-library-utils/schlib/autogen/connector/)</description>
      <docs>~</docs>
      <footprints>
        <fp>Connector*:*_2x??_*</fp>
      </footprints>
      <fields>
        <field name="Reference">J</field>
        <field name="Value">Conn_02x03_Odd_Even</field>
      </fields>
      <pins>
        <pin num="1" name="Pin_1" type="passive"/>
        <pin num="2" name="Pin_2" type="passive"/>
        <pin num="3" name="Pin_3" type="passive"/>
        <pin num="4" name="Pin_4" type="passive"/>
        <pin num="5" name="Pin_5" type="passive"/>
        <pin num="6" name="Pin_6" type="passive"/>
      </pins>
    </libpart>
    <libpart lib="Connector_Generic" part="Conn_02x08_Odd_Even">
      <description>Generic connector, double row, 02x08, odd/even pin numbering scheme (row 1 odd numbers, row 2 even numbers), script generated (kicad-library-utils/schlib/autogen/connector/)</description>
      <docs>~</docs>
      <footprints>
        <fp>Connector*:*_2x??_*</fp>
      </footprints>
      <fields>
        <field name="Reference">J</field>
        <field name="Value">Conn_02x08_Odd_Even</field>
      </fields>
      <pins>
        <pin num="1" name="Pin_1" type="passive"/>
        <pin num="2" name="Pin_2" type="passive"/>
        <pin num="3" name="Pin_3" type="passive"/>
        <pin num="4" name="Pin_4" type="passive"/>
        <pin num="5" name="Pin_5" type="passive"/>
        <pin num="6" name="Pin_6" type="passive"/>
        <pin num="7" name="Pin_7" type="passive"/>
        <pin num="8" name="Pin_8" type="passive"/>
        <pin num="9" name="Pin_9" type="passive"/>
        <pin num="10" name="Pin_10" type="passive"/>
        <pin num="11" name="Pin_11" type="passive"/>
        <pin num="12" name="Pin_12" type="passive"/>
        <pin num="13" name="Pin_13" type="passive"/>
        <pin num="14" name="Pin_14" type="passive"/>
        <pin num="15" name="Pin_15" type="passive"/>
        <pin num="16" name="Pin_16" type="passive"/>
      </pins>
    </libpart>
    <libpart lib="Connector_Generic" part="Conn_02x18_Odd_Even">
      <description>Generic connector, double row, 02x18, odd/even pin numbering scheme (row 1 odd numbers, row 2 even numbers), script generated (kicad-library-utils/schlib/autogen/connector/)</description>
      <docs>~</docs>
      <footprints>
        <fp>Connector*:*_2x??_*</fp>
      </footprints>
      <fields>
        <field name="Reference">J</field>
        <field name="Value">Conn_02x18_Odd_Even</field>
      </fields>
      <pins>
        <pin num="1" name="Pin_1" type="passive"/>
        <pin num="2" name="Pin_2" type="passive"/>
        <pin num="3" name="Pin_3" type="passive"/>
        <pin num="4" name="Pin_4" type="passive"/>
        <pin num="5" name="Pin_5" type="passive"/>
        <pin num="6" name="Pin_6" type="passive"/>
        <pin num="7" name="Pin_7" type="passive"/>
        <pin num="8" name="Pin_8" type="passive"/>
        <pin num="9" name="Pin_9" type="passive"/>
        <pin num="10" name="Pin_10" type="passive"/>
        <pin num="11" name="Pin_11" type="passive"/>
        <pin num="12" name="Pin_12" type="passive"/>
        <pin num="13" name="Pin_13" type="passive"/>
        <pin num="14" name="Pin_14" type="passive"/>
        <pin num="15" name="Pin_15" type="passive"/>
        <pin num="16" name="Pin_16" type="passive"/>
        <pin num="17" name="Pin_17" type="passive"/>
        <pin num="18" name="Pin_18" type="passive"/>
        <pin num="19" name="Pin_19" type="passive"/>
        <pin num="20" name="Pin_20" type="passive"/>
        <pin num="21" name="Pin_21" type="passive"/>
        <pin num="22" name="Pin_22" type="passive"/>
        <pin num="23" name="Pin_23" type="passive"/>
        <pin num="24" name="Pin_24" type="passive"/>
        <pin num="25" name="Pin_25" type="passive"/>
        <pin num="26" name="Pin_26" type="passive"/>
        <pin num="27" name="Pin_27" type="passive"/>
        <pin num="28" name="Pin_28" type="passive"/>
        <pin num="29" name="Pin_29" type="passive"/>
        <pin num="30" name="Pin_30" type="passive"/>
        <pin num="31" name="Pin_31" type="passive"/>
        <pin num="32" name="Pin_32" type="passive"/>
        <pin num="33" name="Pin_33" type="passive"/>
        <pin num="34" name="Pin_34" type="passive"/>
        <pin num="35" name="Pin_35" type="passive"/>
        <pin num="36" name="Pin_36" type="passive"/>
      </pins>
    </libpart>
    <libpart lib="Device" part="CP_Small">
      <description>Polarized capacitor, small symbol</description>
      <docs>~</docs>
      <footprints>
        <fp>CP_*</fp>
      </footprints>
      <fields>
        <field name="Reference">C</field>
        <field name="Value">CP_Small</field>
      </fields>
      <pins>
        <pin num="1" name="~" type="passive"/>
        <pin num="2" name="~" type="passive"/>
      </pins>
    </libpart>
    <libpart lib="Device" part="C_Small">
      <description>Unpolarized capacitor, small symbol</description>
      <docs>~</docs>
      <footprints>
        <fp>C_*</fp>
      </footprints>
      <fields>
        <field name="Reference">C</field>
        <field name="Value">C_Small</field>
      </fields>
      <pins>
        <pin num="1" name="~" type="passive"/>
        <pin num="2" name="~" type="passive"/>
      </pins>
    </libpart>
    <libpart lib="Device" part="Ferrite_Bead_Small">
      <description>Ferrite bead, small symbol</description>
      <docs>~</docs>
      <footprints>
        <fp>Inductor_*</fp>
        <fp>L_*</fp>
        <fp>*Ferrite*</fp>
      </footprints>
      <fields>
        <field name="Reference">FB</field>
        <field name="Value">Ferrite_Bead_Small</field>
      </fields>
      <pins>
        <pin num="1" name="~" type="passive"/>
        <pin num="2" name="~" type="passive"/>
      </pins>
    </libpart>
    <libpart lib="Device" part="R_Small">
      <description>Resistor, small symbol</description>
      <docs>~</docs>
      <footprints>
        <fp>R_*</fp>
      </footprints>
      <fields>
        <field name="Reference">R</field>
        <field name="Value">R_Small</field>
      </fields>
      <pins>
        <pin num="1" name="~" type="passive"/>
        <pin num="2" name="~" type="passive"/>
      </pins>
    </libpart>
    <libpart lib="Switch" part="SW_Push">
      <description>Push button switch, generic, two pins</description>
      <docs>~</docs>
      <fields>
        <field name="Reference">SW</field>
        <field name="Value">SW_Push</field>
      </fields>
      <pins>
        <pin num="1" name="1" type="passive"/>
        <pin num="2" name="2" type="passive"/>
      </pins>
    </libpart>
  </libparts>
  <libraries>
    <library logical="74xGxx">
      <uri>C:\Program Files\KiCad\share\kicad\library/74xGxx.lib</uri>
    </library>
    <library logical="74xx">
      <uri>C:\Program Files\KiCad\share\kicad\library/74xx.lib</uri>
    </library>
    <library logical="ADP7104ARDZ-R7">
      <uri>C:/UltraLibrarian/Library/Exported/KiCad/ADP7104ARDZ-R7/ADP7104ARDZ-R7/ADP7104ARDZ-R7.lib</uri>
    </library>
    <library logical="Connector">
      <uri>C:\Program Files\KiCad\share\kicad\library/Connector.lib</uri>
    </library>
    <library logical="Connector_Generic">
      <uri>C:\Program Files\KiCad\share\kicad\library/Connector_Generic.lib</uri>
    </library>
    <library logical="Device">
      <uri>C:\Program Files\KiCad\share\kicad\library/Device.lib</uri>
    </library>
    <library logical="Switch">
      <uri>C:\Program Files\KiCad\share\kicad\library/Switch.lib</uri>
    </library>
  </libraries>
  <nets>
    <net code="1" name="/Buff_CS4">
      <node ref="U1" pin="11"/>
      <node ref="J6" pin="5"/>
    </net>
    <net code="2" name="/DAC_RESET">
      <node ref="J6" pin="7"/>
      <node ref="U2" pin="4"/>
    </net>
    <net code="3" name="/DAC_CLR">
      <node ref="U3" pin="6"/>
      <node ref="J6" pin="9"/>
    </net>
    <net code="4" name="/Buff_SCLK">
      <node ref="J4" pin="5"/>
      <node ref="U1" pin="17"/>
    </net>
    <net code="5" name="/42">
      <node ref="U5" pin="11"/>
      <node ref="U4" pin="9"/>
      <node ref="P13" pin="13"/>
    </net>
    <net code="6" name="/11(**)">
      <node ref="P7" pin="7"/>
    </net>
    <net code="7" name="/43">
      <node ref="U5" pin="9"/>
      <node ref="P13" pin="14"/>
    </net>
    <net code="8" name="/MISO">
      <node ref="U1" pin="4"/>
      <node ref="J4" pin="11"/>
    </net>
    <net code="9" name="Net-(J4-Pad13)">
      <node ref="J4" pin="13"/>
    </net>
    <net code="10" name="/Buff_MOSI">
      <node ref="J4" pin="3"/>
      <node ref="U1" pin="18"/>
    </net>
    <net code="11" name="/Buff_CS0">
      <node ref="J4" pin="7"/>
      <node ref="U1" pin="15"/>
    </net>
    <net code="12" name="/Buff_CS1">
      <node ref="U1" pin="14"/>
      <node ref="J4" pin="9"/>
    </net>
    <net code="13" name="/Buff_CS2">
      <node ref="U1" pin="13"/>
      <node ref="J6" pin="1"/>
    </net>
    <net code="14" name="/DAC_LDAC">
      <node ref="J6" pin="11"/>
      <node ref="U3" pin="4"/>
    </net>
    <net code="15" name="Net-(J6-Pad13)">
      <node ref="J6" pin="13"/>
    </net>
    <net code="16" name="Net-(J6-Pad15)">
      <node ref="J6" pin="15"/>
    </net>
    <net code="17" name="/16(Tx2)">
      <node ref="P12" pin="3"/>
      <node ref="U2" pin="3"/>
    </net>
    <net code="18" name="/25">
      <node ref="P13" pin="32"/>
      <node ref="U2" pin="1"/>
    </net>
    <net code="19" name="/SYNC_ADC">
      <node ref="U2" pin="6"/>
      <node ref="J4" pin="1"/>
    </net>
    <net code="20" name="+3V3">
      <node ref="J8" pin="3"/>
      <node ref="C10" pin="2"/>
      <node ref="C7" pin="2"/>
      <node ref="C5" pin="2"/>
      <node ref="U1" pin="20"/>
      <node ref="J2" pin="3"/>
      <node ref="J2" pin="2"/>
      <node ref="J2" pin="1"/>
      <node ref="C8" pin="2"/>
      <node ref="U2" pin="5"/>
      <node ref="R1" pin="1"/>
      <node ref="U3" pin="5"/>
      <node ref="U2" pin="5"/>
      <node ref="C9" pin="2"/>
      <node ref="C14" pin="1"/>
      <node ref="FB1" pin="2"/>
      <node ref="J8" pin="1"/>
      <node ref="C6" pin="2"/>
      <node ref="C4" pin="2"/>
      <node ref="U4" pin="10"/>
      <node ref="C2" pin="2"/>
      <node ref="C11" pin="2"/>
      <node ref="J4" pin="15"/>
      <node ref="C3" pin="2"/>
      <node ref="U4" pin="16"/>
      <node ref="U5" pin="10"/>
      <node ref="U5" pin="16"/>
      <node ref="U3" pin="5"/>
    </net>
    <net code="21" name="/17(Rx2)">
      <node ref="P12" pin="4"/>
      <node ref="U3" pin="1"/>
    </net>
    <net code="22" name="/Buff_CS3">
      <node ref="J6" pin="3"/>
      <node ref="U1" pin="12"/>
    </net>
    <net code="23" name="/RST">
      <node ref="J3" pin="5"/>
    </net>
    <net code="24" name="/26(ERR)">
      <node ref="P13" pin="29"/>
      <node ref="J8" pin="15"/>
    </net>
    <net code="25" name="/IOREF">
      <node ref="P8" pin="2"/>
    </net>
    <net code="26" name="/SCL">
      <node ref="P7" pin="1"/>
    </net>
    <net code="27" name="/SDA">
      <node ref="P7" pin="2"/>
    </net>
    <net code="28" name="/AREF">
      <node ref="P7" pin="3"/>
    </net>
    <net code="29" name="/13(**)">
      <node ref="P7" pin="5"/>
    </net>
    <net code="30" name="/7(**)">
      <node ref="P10" pin="1"/>
    </net>
    <net code="31" name="/6(**)">
      <node ref="P10" pin="2"/>
    </net>
    <net code="32" name="/5(**)">
      <node ref="P10" pin="3"/>
    </net>
    <net code="33" name="/Ard_MOSI">
      <node ref="J3" pin="4"/>
      <node ref="U1" pin="2"/>
    </net>
    <net code="34" name="/9(**)">
      <node ref="P7" pin="9"/>
      <node ref="U1" pin="9"/>
    </net>
    <net code="35" name="Net-(J7-Pad1)">
      <node ref="U5" pin="12"/>
      <node ref="J7" pin="1"/>
      <node ref="U4" pin="12"/>
    </net>
    <net code="36" name="/Reset">
      <node ref="P8" pin="3"/>
      <node ref="SW1" pin="2"/>
    </net>
    <net code="37" name="/8(**)">
      <node ref="P7" pin="10"/>
      <node ref="U1" pin="8"/>
    </net>
    <net code="38" name="GND">
      <node ref="J6" pin="4"/>
      <node ref="J9" pin="12"/>
      <node ref="J9" pin="14"/>
      <node ref="J9" pin="16"/>
      <node ref="J9" pin="2"/>
      <node ref="J9" pin="4"/>
      <node ref="J9" pin="6"/>
      <node ref="J9" pin="10"/>
      <node ref="J9" pin="8"/>
      <node ref="J10" pin="2"/>
      <node ref="P13" pin="2"/>
      <node ref="P13" pin="1"/>
      <node ref="U5" pin="8"/>
      <node ref="C16" pin="2"/>
      <node ref="U6" pin="3"/>
      <node ref="J3" pin="6"/>
      <node ref="U5" pin="14"/>
      <node ref="U4" pin="8"/>
      <node ref="U1" pin="1"/>
      <node ref="U4" pin="14"/>
      <node ref="C12" pin="2"/>
      <node ref="C13" pin="2"/>
      <node ref="C15" pin="2"/>
      <node ref="C14" pin="2"/>
      <node ref="U6" pin="9"/>
      <node ref="U6" pin="6"/>
      <node ref="P8" pin="7"/>
      <node ref="C5" pin="1"/>
      <node ref="C7" pin="1"/>
      <node ref="P8" pin="6"/>
      <node ref="P7" pin="4"/>
      <node ref="U1" pin="19"/>
      <node ref="U1" pin="10"/>
      <node ref="J5" pin="2"/>
      <node ref="J8" pin="8"/>
      <node ref="J8" pin="6"/>
      <node ref="SW1" pin="1"/>
      <node ref="J1" pin="3"/>
      <node ref="J1" pin="2"/>
      <node ref="J1" pin="1"/>
      <node ref="R2" pin="1"/>
      <node ref="C1" pin="2"/>
      <node ref="J11" pin="2"/>
      <node ref="J8" pin="4"/>
      <node ref="J8" pin="2"/>
      <node ref="J8" pin="16"/>
      <node ref="J8" pin="14"/>
      <node ref="J8" pin="12"/>
      <node ref="J8" pin="10"/>
      <node ref="J4" pin="4"/>
      <node ref="J4" pin="2"/>
      <node ref="J4" pin="16"/>
      <node ref="J4" pin="14"/>
      <node ref="J4" pin="12"/>
      <node ref="J4" pin="10"/>
      <node ref="J4" pin="6"/>
      <node ref="J6" pin="8"/>
      <node ref="J6" pin="6"/>
      <node ref="J7" pin="2"/>
      <node ref="C3" pin="1"/>
      <node ref="U3" pin="2"/>
      <node ref="U2" pin="2"/>
      <node ref="U2" pin="2"/>
      <node ref="J6" pin="2"/>
      <node ref="J6" pin="16"/>
      <node ref="J6" pin="14"/>
      <node ref="J6" pin="12"/>
      <node ref="J6" pin="10"/>
      <node ref="J4" pin="8"/>
      <node ref="C2" pin="1"/>
      <node ref="C11" pin="1"/>
      <node ref="C9" pin="1"/>
      <node ref="C4" pin="1"/>
      <node ref="C6" pin="1"/>
      <node ref="C8" pin="1"/>
      <node ref="U3" pin="2"/>
      <node ref="C10" pin="1"/>
    </net>
    <net code="39" name="/A6">
      <node ref="P9" pin="7"/>
      <node ref="J9" pin="13"/>
    </net>
    <net code="40" name="/A0">
      <node ref="J9" pin="1"/>
      <node ref="P9" pin="1"/>
    </net>
    <net code="41" name="/A1">
      <node ref="J9" pin="3"/>
      <node ref="P9" pin="2"/>
    </net>
    <net code="42" name="/A2">
      <node ref="P9" pin="3"/>
      <node ref="J9" pin="5"/>
    </net>
    <net code="43" name="/A3">
      <node ref="J9" pin="7"/>
      <node ref="P9" pin="4"/>
    </net>
    <net code="44" name="/A4">
      <node ref="P9" pin="5"/>
      <node ref="J9" pin="9"/>
    </net>
    <net code="45" name="/A5">
      <node ref="P9" pin="6"/>
      <node ref="J9" pin="11"/>
    </net>
    <net code="46" name="/A7">
      <node ref="P9" pin="8"/>
      <node ref="J9" pin="15"/>
    </net>
    <net code="47" name="/Vsupply">
      <node ref="U6" pin="8"/>
      <node ref="C1" pin="1"/>
      <node ref="C13" pin="1"/>
      <node ref="C12" pin="1"/>
      <node ref="U6" pin="5"/>
      <node ref="J10" pin="1"/>
    </net>
    <net code="48" name="Net-(J10-Pad3)">
      <node ref="J10" pin="3"/>
    </net>
    <net code="49" name="+3.3VP">
      <node ref="P8" pin="4"/>
    </net>
    <net code="50" name="/12(**)">
      <node ref="J11" pin="1"/>
      <node ref="R2" pin="2"/>
      <node ref="P7" pin="6"/>
    </net>
    <net code="51" name="/18(Tx1)">
      <node ref="P12" pin="5"/>
      <node ref="U3" pin="3"/>
    </net>
    <net code="52" name="/32">
      <node ref="P13" pin="23"/>
    </net>
    <net code="53" name="/30(WAIT)">
      <node ref="J8" pin="7"/>
      <node ref="P13" pin="25"/>
    </net>
    <net code="54" name="/31(USB)">
      <node ref="P13" pin="26"/>
      <node ref="J8" pin="5"/>
    </net>
    <net code="55" name="/28(CMD)">
      <node ref="J8" pin="11"/>
      <node ref="P13" pin="27"/>
    </net>
    <net code="56" name="/29(SMPL)">
      <node ref="P13" pin="28"/>
      <node ref="J8" pin="9"/>
    </net>
    <net code="57" name="/27(LOCK)">
      <node ref="J8" pin="13"/>
      <node ref="P13" pin="30"/>
    </net>
    <net code="58" name="/24">
      <node ref="P13" pin="31"/>
    </net>
    <net code="59" name="/22">
      <node ref="P13" pin="33"/>
    </net>
    <net code="60" name="/53(SS)">
      <node ref="P13" pin="4"/>
    </net>
    <net code="61" name="/50">
      <node ref="P13" pin="5"/>
      <node ref="U4" pin="1"/>
    </net>
    <net code="62" name="/51">
      <node ref="P13" pin="6"/>
      <node ref="U4" pin="15"/>
    </net>
    <net code="63" name="/15(Rx3)">
      <node ref="P12" pin="2"/>
    </net>
    <net code="64" name="/3(**)">
      <node ref="P10" pin="5"/>
    </net>
    <net code="65" name="/2(**)">
      <node ref="P10" pin="6"/>
    </net>
    <net code="66" name="/1(Tx0)">
      <node ref="P10" pin="7"/>
    </net>
    <net code="67" name="/0(Rx0)">
      <node ref="P10" pin="8"/>
    </net>
    <net code="68" name="/A8">
      <node ref="P11" pin="1"/>
    </net>
    <net code="69" name="/A9">
      <node ref="P11" pin="2"/>
    </net>
    <net code="70" name="/A10">
      <node ref="P11" pin="3"/>
    </net>
    <net code="71" name="/A11">
      <node ref="P11" pin="4"/>
    </net>
    <net code="72" name="/A12">
      <node ref="P11" pin="5"/>
    </net>
    <net code="73" name="/A13">
      <node ref="P11" pin="6"/>
    </net>
    <net code="74" name="/A14">
      <node ref="P11" pin="7"/>
    </net>
    <net code="75" name="/A15">
      <node ref="P11" pin="8"/>
    </net>
    <net code="76" name="/14(Tx3)">
      <node ref="P12" pin="1"/>
    </net>
    <net code="77" name="/19(Rx1)">
      <node ref="P12" pin="6"/>
    </net>
    <net code="78" name="/20(SDA)">
      <node ref="P12" pin="7"/>
    </net>
    <net code="79" name="/21(SCL)">
      <node ref="P12" pin="8"/>
    </net>
    <net code="80" name="/Vin">
      <node ref="P8" pin="8"/>
    </net>
    <net code="81" name="/52(CS)">
      <node ref="U1" pin="7"/>
      <node ref="P13" pin="3"/>
    </net>
    <net code="82" name="/23">
      <node ref="U1" pin="16"/>
      <node ref="P13" pin="34"/>
      <node ref="J3" pin="1"/>
    </net>
    <net code="83" name="/33">
      <node ref="U5" pin="15"/>
      <node ref="P13" pin="24"/>
    </net>
    <net code="84" name="/35">
      <node ref="U5" pin="2"/>
      <node ref="P13" pin="22"/>
    </net>
    <net code="85" name="/37">
      <node ref="P13" pin="20"/>
      <node ref="U5" pin="4"/>
    </net>
    <net code="86" name="/39">
      <node ref="P13" pin="18"/>
      <node ref="U5" pin="6"/>
    </net>
    <net code="87" name="/41">
      <node ref="P13" pin="16"/>
      <node ref="U4" pin="13"/>
      <node ref="U5" pin="13"/>
    </net>
    <net code="88" name="/45">
      <node ref="U4" pin="6"/>
      <node ref="P13" pin="12"/>
    </net>
    <net code="89" name="/47">
      <node ref="P13" pin="10"/>
      <node ref="U4" pin="4"/>
    </net>
    <net code="90" name="/49">
      <node ref="U4" pin="2"/>
      <node ref="P13" pin="8"/>
    </net>
    <net code="91" name="/48">
      <node ref="P13" pin="7"/>
      <node ref="U4" pin="3"/>
    </net>
    <net code="92" name="Net-(P8-Pad1)">
      <node ref="P8" pin="1"/>
    </net>
    <net code="93" name="/34">
      <node ref="P13" pin="21"/>
      <node ref="U5" pin="1"/>
    </net>
    <net code="94" name="/36">
      <node ref="U5" pin="3"/>
      <node ref="P13" pin="19"/>
    </net>
    <net code="95" name="/38">
      <node ref="P13" pin="17"/>
      <node ref="U5" pin="5"/>
    </net>
    <net code="96" name="/40">
      <node ref="P13" pin="15"/>
      <node ref="U5" pin="7"/>
    </net>
    <net code="97" name="/44">
      <node ref="U4" pin="7"/>
      <node ref="P13" pin="11"/>
    </net>
    <net code="98" name="/46">
      <node ref="U4" pin="5"/>
      <node ref="P13" pin="9"/>
    </net>
    <net code="99" name="/10(**)">
      <node ref="P7" pin="8"/>
      <node ref="U1" pin="6"/>
    </net>
    <net code="100" name="Net-(P5-Pad1)">
      <node ref="P5" pin="1"/>
    </net>
    <net code="101" name="/4(**)">
      <node ref="P10" pin="4"/>
      <node ref="U1" pin="5"/>
    </net>
    <net code="102" name="Net-(P1-Pad1)">
      <node ref="P1" pin="1"/>
    </net>
    <net code="103" name="Net-(P2-Pad1)">
      <node ref="P2" pin="1"/>
    </net>
    <net code="104" name="Net-(P3-Pad1)">
      <node ref="P3" pin="1"/>
    </net>
    <net code="105" name="Net-(P4-Pad1)">
      <node ref="P4" pin="1"/>
    </net>
    <net code="106" name="Net-(P6-Pad1)">
      <node ref="P6" pin="1"/>
    </net>
    <net code="107" name="+5V">
      <node ref="P13" pin="36"/>
      <node ref="P13" pin="35"/>
      <node ref="P8" pin="5"/>
      <node ref="J3" pin="2"/>
    </net>
    <net code="108" name="Net-(J5-Pad1)">
      <node ref="J5" pin="1"/>
      <node ref="U4" pin="11"/>
    </net>
    <net code="109" name="/Ard_SCLK">
      <node ref="U1" pin="3"/>
      <node ref="J3" pin="3"/>
    </net>
    <net code="110" name="Net-(U6-Pad4)">
      <node ref="U6" pin="4"/>
    </net>
    <net code="111" name="Net-(C16-Pad1)">
      <node ref="C16" pin="1"/>
      <node ref="R1" pin="2"/>
    </net>
    <net code="112" name="Net-(U6-Pad7)">
      <node ref="U6" pin="7"/>
    </net>
    <net code="113" name="Net-(C15-Pad1)">
      <node ref="U6" pin="1"/>
      <node ref="FB1" pin="1"/>
      <node ref="C15" pin="1"/>
      <node ref="U6" pin="2"/>
    </net>
  </nets>
</export>
