<?xml version="1.0" encoding="UTF-8"?>
<export version="D">
  <design>
    <source>D:\Projects\2020-03-20, AutocalibrationMagFieldStab\AutocalibrationSwitch- MagFieldStab_1V0\AutocalibrationSwitch- MagFieldStab_1V0.sch</source>
    <date>2020-05-11 10:24:07</date>
    <tool>Eeschema (5.1.2)-1</tool>
    <sheet number="1" name="/" tstamps="/">
      <title_block>
        <title>Auto Calibration Switch for Bfield Stabilization</title>
        <company>Lab: RbSr</company>
        <rev>2</rev>
        <date>2020-04-01</date>
        <source>AutocalibrationSwitch- MagFieldStab_1V0.sch</source>
        <comment number="1" value="Programming by M. Borkowski"/>
        <comment number="2" value="Author: Lukas Reichsöllner"/>
        <comment number="3" value=""/>
        <comment number="4" value=""/>
      </title_block>
    </sheet>
  </design>
  <components>
    <comp ref="MK1">
      <value>Mounting_Hole</value>
      <footprint>Mounting_Holes:MountingHole_3.2mm_M3_ISO7380</footprint>
      <libsource lib="AutocalibrationSwitch--MagFieldStab_1V0-rescue" part="Mounting_Hole_PAD-Mechanical" description=""/>
      <sheetpath names="/" tstamps="/"/>
      <tstamp>5867217E</tstamp>
    </comp>
    <comp ref="MK2">
      <value>Mounting_Hole</value>
      <footprint>Mounting_Holes:MountingHole_3.2mm_M3_ISO7380</footprint>
      <libsource lib="AutocalibrationSwitch--MagFieldStab_1V0-rescue" part="Mounting_Hole_PAD-Mechanical" description=""/>
      <sheetpath names="/" tstamps="/"/>
      <tstamp>58672295</tstamp>
    </comp>
    <comp ref="MK3">
      <value>Mounting_Hole</value>
      <footprint>Mounting_Holes:MountingHole_3.2mm_M3_ISO7380</footprint>
      <libsource lib="AutocalibrationSwitch--MagFieldStab_1V0-rescue" part="Mounting_Hole_PAD-Mechanical" description=""/>
      <sheetpath names="/" tstamps="/"/>
      <tstamp>586722B5</tstamp>
    </comp>
    <comp ref="MK4">
      <value>Mounting_Hole</value>
      <footprint>Mounting_Holes:MountingHole_3.2mm_M3_ISO7380</footprint>
      <libsource lib="AutocalibrationSwitch--MagFieldStab_1V0-rescue" part="Mounting_Hole_PAD-Mechanical" description=""/>
      <sheetpath names="/" tstamps="/"/>
      <tstamp>5867236D</tstamp>
    </comp>
    <comp ref="U1">
      <value>uA7805</value>
      <footprint>Package_TO_SOT_THT:TO-220-3_Vertical</footprint>
      <datasheet>http://www.ti.com/lit/ds/symlink/ua78.pdf</datasheet>
      <fields>
        <field name="DigiKey">296-39515-5-ND</field>
      </fields>
      <libsource lib="Regulator_Linear" part="uA7805" description="Positive 1A 35V Linear Regulator, Fixed Output 5V, TO-220/TO-263"/>
      <sheetpath names="/" tstamps="/"/>
      <tstamp>5E752837</tstamp>
    </comp>
    <comp ref="J1">
      <value>Barrel_Jack_Switch</value>
      <footprint>Connector_BarrelJack:BarrelJack_Wuerth_6941xx301002</footprint>
      <datasheet>https://katalog.we-online.de/em/datasheet/6941xx301002.pdf</datasheet>
      <fields>
        <field name="DigiKey">732-5930-ND</field>
      </fields>
      <libsource lib="Connector" part="Barrel_Jack_Switch" description="DC Barrel Jack with an internal switch"/>
      <sheetpath names="/" tstamps="/"/>
      <tstamp>5E75CA91</tstamp>
    </comp>
    <comp ref="C2">
      <value>3.3uF</value>
      <footprint>Capacitor_THT:CP_Radial_D5.0mm_P2.50mm</footprint>
      <datasheet>https://industrial.panasonic.com/cdbs/www-data/pdf/RDF0000/ABA0000C1024.pdf</datasheet>
      <fields>
        <field name="DigiKey">P19607CT-ND</field>
      </fields>
      <libsource lib="Device" part="CP_Small" description="Polarized capacitor, small symbol"/>
      <sheetpath names="/" tstamps="/"/>
      <tstamp>5E75F728</tstamp>
    </comp>
    <comp ref="C1">
      <value>100uF</value>
      <footprint>Capacitor_THT:CP_Radial_D6.3mm_P2.50mm</footprint>
      <datasheet>https://katalog.we-online.de/pbs/datasheet/860040473003.pdf</datasheet>
      <fields>
        <field name="DigiKey">732-9170-1-ND</field>
      </fields>
      <libsource lib="Device" part="CP_Small" description="Polarized capacitor, small symbol"/>
      <sheetpath names="/" tstamps="/"/>
      <tstamp>5E7604B2</tstamp>
    </comp>
    <comp ref="C3">
      <value>3.3uF</value>
      <footprint>Capacitor_THT:CP_Radial_D5.0mm_P2.50mm</footprint>
      <datasheet>https://industrial.panasonic.com/cdbs/www-data/pdf/RDF0000/ABA0000C1024.pdf</datasheet>
      <fields>
        <field name="DigiKey">P19607CT-ND</field>
      </fields>
      <libsource lib="Device" part="CP_Small" description="Polarized capacitor, small symbol"/>
      <sheetpath names="/" tstamps="/"/>
      <tstamp>5E7613AF</tstamp>
    </comp>
    <comp ref="R3">
      <value>330R</value>
      <footprint>Resistor_SMD:R_0805_2012Metric</footprint>
      <datasheet>~</datasheet>
      <fields>
        <field name="DigiKey">A129743CT-ND</field>
      </fields>
      <libsource lib="Device" part="R_Small" description="Resistor, small symbol"/>
      <sheetpath names="/" tstamps="/"/>
      <tstamp>5E768A3B</tstamp>
    </comp>
    <comp ref="R4">
      <value>330R</value>
      <footprint>Resistor_SMD:R_0805_2012Metric</footprint>
      <datasheet>~</datasheet>
      <fields>
        <field name="DigiKey">A129743CT-ND</field>
      </fields>
      <libsource lib="Device" part="R_Small" description="Resistor, small symbol"/>
      <sheetpath names="/" tstamps="/"/>
      <tstamp>5E76B708</tstamp>
    </comp>
    <comp ref="Q2">
      <value>BSS138</value>
      <footprint>Package_TO_SOT_SMD:SOT-23</footprint>
      <datasheet>https://assets.nexperia.com/documents/data-sheet/BSS138P.pdf</datasheet>
      <fields>
        <field name="DigiKey">1727-1142-1-ND</field>
      </fields>
      <libsource lib="Transistor_FET" part="BSS138" description="50V Vds, 0.22A Id, N-Channel MOSFET, SOT-23"/>
      <sheetpath names="/" tstamps="/"/>
      <tstamp>5E76F47E</tstamp>
    </comp>
    <comp ref="K1">
      <value>G5V-2</value>
      <footprint>Relay_THT:Relay_DPDT_Omron_G5V-2</footprint>
      <datasheet>http://omronfs.omron.com/en_US/ecb/products/pdf/en-g5v_2.pdf</datasheet>
      <fields>
        <field name="DigiKey">Z2931-ND</field>
      </fields>
      <libsource lib="Relay" part="G5V-2" description="Relay Miniature Omron DPDT"/>
      <sheetpath names="/" tstamps="/"/>
      <tstamp>5E774948</tstamp>
    </comp>
    <comp ref="J2">
      <value>AutoCal.</value>
      <footprint>Connector_Coaxial:SMA_Molex_73251-2200_Horizontal</footprint>
      <datasheet>https://www.molex.com/webdocs/datasheets/pdf/en-us/0733910083_RF_COAX_CONNECTORS.pdf</datasheet>
      <fields>
        <field name="DigiKey">WM26450-ND</field>
      </fields>
      <libsource lib="Connector" part="Conn_Coaxial" description="coaxial connector (BNC, SMA, SMB, SMC, Cinch/RCA, ...)"/>
      <sheetpath names="/" tstamps="/"/>
      <tstamp>5E775587</tstamp>
    </comp>
    <comp ref="J4">
      <value>ADC/AFE</value>
      <footprint>Connector_Coaxial:SMA_Molex_73251-2200_Horizontal</footprint>
      <datasheet>https://www.molex.com/webdocs/datasheets/pdf/en-us/0733910083_RF_COAX_CONNECTORS.pdf</datasheet>
      <fields>
        <field name="DigiKey">WM26450-ND</field>
      </fields>
      <libsource lib="Connector" part="Conn_Coaxial" description="coaxial connector (BNC, SMA, SMB, SMC, Cinch/RCA, ...)"/>
      <sheetpath names="/" tstamps="/"/>
      <tstamp>5E7768C3</tstamp>
    </comp>
    <comp ref="J7">
      <value>BfieldDrive</value>
      <footprint>Connector_Coaxial:SMA_Molex_73251-2200_Horizontal</footprint>
      <datasheet>https://www.molex.com/webdocs/datasheets/pdf/en-us/0733910083_RF_COAX_CONNECTORS.pdf</datasheet>
      <fields>
        <field name="DigiKey">WM26450-ND</field>
      </fields>
      <libsource lib="Connector" part="Conn_Coaxial" description="coaxial connector (BNC, SMA, SMB, SMC, Cinch/RCA, ...)"/>
      <sheetpath names="/" tstamps="/"/>
      <tstamp>5E77748A</tstamp>
    </comp>
    <comp ref="J5">
      <value>DMM</value>
      <footprint>Connector_Coaxial:SMA_Amphenol_132291_Vertical</footprint>
      <datasheet>http://www.amphenolrf.com/media/downloads/2187/132134.pdf</datasheet>
      <fields>
        <field name="DigiKey">ACX1230-ND</field>
      </fields>
      <libsource lib="Connector" part="Conn_Coaxial" description="coaxial connector (BNC, SMA, SMB, SMC, Cinch/RCA, ...)"/>
      <sheetpath names="/" tstamps="/"/>
      <tstamp>5E7792AF</tstamp>
    </comp>
    <comp ref="C4">
      <value>100nF</value>
      <footprint>Capacitor_SMD:C_0805_2012Metric</footprint>
      <datasheet>https://katalog.we-online.de/pbs/datasheet/885012207072.pdf</datasheet>
      <fields>
        <field name="DigiKey">732-8061-1-ND</field>
      </fields>
      <libsource lib="Device" part="C_Small" description="Unpolarized capacitor, small symbol"/>
      <sheetpath names="/" tstamps="/"/>
      <tstamp>5E863173</tstamp>
    </comp>
    <comp ref="U2">
      <value>74LVC1G04</value>
      <footprint>Package_TO_SOT_SMD:SOT-353_SC-70-5</footprint>
      <datasheet>http://www.ti.com/lit/ds/symlink/sn74lvc1g04.pdf</datasheet>
      <fields>
        <field name="DigiKey">296-35933-1-ND</field>
      </fields>
      <libsource lib="74xGxx" part="74LVC1G04" description="Single NOT Gate, Low-Voltage CMOS"/>
      <sheetpath names="/" tstamps="/"/>
      <tstamp>5E86D32B</tstamp>
    </comp>
    <comp ref="Q1">
      <value>BSS138</value>
      <footprint>Package_TO_SOT_SMD:SOT-23</footprint>
      <datasheet>https://assets.nexperia.com/documents/data-sheet/BSS138P.pdf</datasheet>
      <fields>
        <field name="DigiKey">1727-1142-1-ND</field>
      </fields>
      <libsource lib="Transistor_FET" part="BSS138" description="50V Vds, 0.22A Id, N-Channel MOSFET, SOT-23"/>
      <sheetpath names="/" tstamps="/"/>
      <tstamp>5E87309D</tstamp>
    </comp>
    <comp ref="R2">
      <value>330R</value>
      <footprint>Resistor_SMD:R_0805_2012Metric</footprint>
      <datasheet>~</datasheet>
      <fields>
        <field name="DigiKey">A129743CT-ND</field>
      </fields>
      <libsource lib="Device" part="R_Small" description="Resistor, small symbol"/>
      <sheetpath names="/" tstamps="/"/>
      <tstamp>5E8A0DDD</tstamp>
    </comp>
    <comp ref="R1">
      <value>7.5k</value>
      <footprint>Resistor_SMD:R_0805_2012Metric</footprint>
      <datasheet>http://industrial.panasonic.com/www-cgi/jvcr13pz.cgi?E+PZ+3+AOA0001+ERJ6GEYJ752V+7+WW</datasheet>
      <fields>
        <field name="DigiKey">P7.5KACT-ND</field>
      </fields>
      <libsource lib="Device" part="R_Small" description="Resistor, small symbol"/>
      <sheetpath names="/" tstamps="/"/>
      <tstamp>5E8A6F29</tstamp>
    </comp>
    <comp ref="R5">
      <value>7.5k</value>
      <footprint>Resistor_SMD:R_0805_2012Metric</footprint>
      <datasheet>http://industrial.panasonic.com/www-cgi/jvcr13pz.cgi?E+PZ+3+AOA0001+ERJ6GEYJ752V+7+WW</datasheet>
      <fields>
        <field name="DigiKey">P7.5KACT-ND</field>
      </fields>
      <libsource lib="Device" part="R_Small" description="Resistor, small symbol"/>
      <sheetpath names="/" tstamps="/"/>
      <tstamp>5E8C059D</tstamp>
    </comp>
    <comp ref="R6">
      <value>7.5k</value>
      <footprint>Resistor_SMD:R_0805_2012Metric</footprint>
      <datasheet>http://industrial.panasonic.com/www-cgi/jvcr13pz.cgi?E+PZ+3+AOA0001+ERJ6GEYJ752V+7+WW</datasheet>
      <fields>
        <field name="DigiKey">P7.5KACT-ND</field>
      </fields>
      <libsource lib="Device" part="R_Small" description="Resistor, small symbol"/>
      <sheetpath names="/" tstamps="/"/>
      <tstamp>5E8C8F39</tstamp>
    </comp>
    <comp ref="JP2">
      <value>AutoCal. NormEnable</value>
      <footprint>Jumper:SolderJumper-3_P2.0mm_Open_TrianglePad1.0x1.5mm_NumberLabels</footprint>
      <datasheet>~</datasheet>
      <libsource lib="dk_Shunts-Jumpers" part="Jumper_3_Solder12" description="Jumper, 3-pole, pins 1+2 closed/bridged"/>
      <sheetpath names="/" tstamps="/"/>
      <tstamp>5E8B40AD</tstamp>
    </comp>
    <comp ref="JP1">
      <value>AutoCal. NormEnable</value>
      <footprint>Jumper:SolderJumper-3_P2.0mm_Open_TrianglePad1.0x1.5mm_NumberLabels</footprint>
      <datasheet>~</datasheet>
      <libsource lib="dk_Shunts-Jumpers" part="Jumper_3_Solder12" description="Jumper, 3-pole, pins 1+2 closed/bridged"/>
      <sheetpath names="/" tstamps="/"/>
      <tstamp>5E8B2F32</tstamp>
    </comp>
    <comp ref="D1">
      <value>1N4007</value>
      <footprint>digikey-footprints:DO-41</footprint>
      <datasheet>https://www.diodes.com/assets/Datasheets/ds28002.pdf</datasheet>
      <fields>
        <field name="Category">Discrete Semiconductor Products</field>
        <field name="DK_Datasheet_Link">https://www.diodes.com/assets/Datasheets/ds28002.pdf</field>
        <field name="DK_Detail_Page">/product-detail/en/diodes-incorporated/1N4007-T/1N4007DICT-ND/76454</field>
        <field name="Description">DIODE GEN PURP 1KV 1A DO41</field>
        <field name="Digi-Key">1N4007DICT-ND</field>
        <field name="Family">Diodes - Rectifiers - Single</field>
        <field name="MPN">1N4007-T</field>
        <field name="Manufacturer">Diodes Incorporated</field>
        <field name="Status">Not For New Designs</field>
      </fields>
      <libsource lib="dk_Diodes-Rectifiers-Single" part="1N4007-T_NRND" description="DIODE GEN PURP 1KV 1A DO41"/>
      <sheetpath names="/" tstamps="/"/>
      <tstamp>5E7630B6</tstamp>
    </comp>
    <comp ref="J6">
      <value>DAC</value>
      <footprint>Connector_Coaxial:SMA_Molex_73251-2200_Horizontal</footprint>
      <datasheet>https://www.molex.com/webdocs/datasheets/pdf/en-us/0733910083_RF_COAX_CONNECTORS.pdf</datasheet>
      <fields>
        <field name="DigiKey">WM26450-ND</field>
      </fields>
      <libsource lib="Connector" part="Conn_Coaxial" description="coaxial connector (BNC, SMA, SMB, SMC, Cinch/RCA, ...)"/>
      <sheetpath names="/" tstamps="/"/>
      <tstamp>5E77804F</tstamp>
    </comp>
    <comp ref="J3">
      <value>BfieldSens</value>
      <footprint>Connector_Coaxial:SMA_Molex_73251-2200_Horizontal</footprint>
      <datasheet>https://www.molex.com/webdocs/datasheets/pdf/en-us/0733910083_RF_COAX_CONNECTORS.pdf</datasheet>
      <fields>
        <field name="DigiKey">WM26450-ND</field>
      </fields>
      <libsource lib="Connector" part="Conn_Coaxial" description="coaxial connector (BNC, SMA, SMB, SMC, Cinch/RCA, ...)"/>
      <sheetpath names="/" tstamps="/"/>
      <tstamp>5E779894</tstamp>
    </comp>
  </components>
  <libparts>
    <libpart lib="74xGxx" part="74LVC1G04">
      <aliases>
        <alias>74LVC1GU04</alias>
        <alias>74AHC1G04</alias>
        <alias>74AHCT1G04</alias>
        <alias>74AUC1G04</alias>
        <alias>74AUP1G04</alias>
        <alias>74AHC1GU04</alias>
        <alias>74AHCT1GU04</alias>
        <alias>74AUC1GU04</alias>
        <alias>74AUP1GU04</alias>
      </aliases>
      <description>Single NOT Gate, Low-Voltage CMOS</description>
      <docs>http://www.ti.com/lit/sg/scyt129e/scyt129e.pdf</docs>
      <footprints>
        <fp>SOT*</fp>
        <fp>SG-*</fp>
      </footprints>
      <fields>
        <field name="Reference">U</field>
        <field name="Value">74LVC1G04</field>
      </fields>
      <pins>
        <pin num="2" name="~" type="input"/>
        <pin num="3" name="GND" type="power_in"/>
        <pin num="4" name="~" type="output"/>
        <pin num="5" name="VCC" type="power_in"/>
      </pins>
    </libpart>
    <libpart lib="AutocalibrationSwitch--MagFieldStab_1V0-rescue" part="Mounting_Hole_PAD-Mechanical">
      <footprints>
        <fp>Mounting?Hole*</fp>
        <fp>Hole*</fp>
      </footprints>
      <fields>
        <field name="Reference">MK</field>
        <field name="Value">Mounting_Hole_PAD-Mechanical</field>
      </fields>
      <pins>
        <pin num="1" name="1" type="input"/>
      </pins>
    </libpart>
    <libpart lib="Connector" part="Barrel_Jack_Switch">
      <description>DC Barrel Jack with an internal switch</description>
      <docs>~</docs>
      <footprints>
        <fp>BarrelJack*</fp>
      </footprints>
      <fields>
        <field name="Reference">J</field>
        <field name="Value">Barrel_Jack_Switch</field>
      </fields>
      <pins>
        <pin num="1" name="~" type="passive"/>
        <pin num="2" name="~" type="passive"/>
        <pin num="3" name="~" type="passive"/>
      </pins>
    </libpart>
    <libpart lib="Connector" part="Conn_Coaxial">
      <description>coaxial connector (BNC, SMA, SMB, SMC, Cinch/RCA, ...)</description>
      <docs> ~</docs>
      <footprints>
        <fp>*BNC*</fp>
        <fp>*SMA*</fp>
        <fp>*SMB*</fp>
        <fp>*SMC*</fp>
        <fp>*Cinch*</fp>
      </footprints>
      <fields>
        <field name="Reference">J</field>
        <field name="Value">Conn_Coaxial</field>
      </fields>
      <pins>
        <pin num="1" name="In" type="passive"/>
        <pin num="2" name="Ext" type="passive"/>
      </pins>
    </libpart>
    <libpart lib="Device" part="CP_Small">
      <description>Polarized capacitor, small symbol</description>
      <docs>~</docs>
      <footprints>
        <fp>CP_*</fp>
      </footprints>
      <fields>
        <field name="Reference">C</field>
        <field name="Value">CP_Small</field>
      </fields>
      <pins>
        <pin num="1" name="~" type="passive"/>
        <pin num="2" name="~" type="passive"/>
      </pins>
    </libpart>
    <libpart lib="Device" part="C_Small">
      <description>Unpolarized capacitor, small symbol</description>
      <docs>~</docs>
      <footprints>
        <fp>C_*</fp>
      </footprints>
      <fields>
        <field name="Reference">C</field>
        <field name="Value">C_Small</field>
      </fields>
      <pins>
        <pin num="1" name="~" type="passive"/>
        <pin num="2" name="~" type="passive"/>
      </pins>
    </libpart>
    <libpart lib="Device" part="R_Small">
      <description>Resistor, small symbol</description>
      <docs>~</docs>
      <footprints>
        <fp>R_*</fp>
      </footprints>
      <fields>
        <field name="Reference">R</field>
        <field name="Value">R_Small</field>
      </fields>
      <pins>
        <pin num="1" name="~" type="passive"/>
        <pin num="2" name="~" type="passive"/>
      </pins>
    </libpart>
    <libpart lib="Regulator_Linear" part="uA7805">
      <aliases>
        <alias>uA7808</alias>
        <alias>uA7810</alias>
        <alias>uA7812</alias>
        <alias>uA7815</alias>
        <alias>uA7824</alias>
      </aliases>
      <description>Positive 1A 35V Linear Regulator, Fixed Output 5V, TO-220/TO-263</description>
      <docs>http://www.ti.com/lit/ds/symlink/ua78.pdf</docs>
      <footprints>
        <fp>TO?263*</fp>
        <fp>TO?220*</fp>
      </footprints>
      <fields>
        <field name="Reference">U</field>
        <field name="Value">uA7805</field>
      </fields>
      <pins>
        <pin num="1" name="IN" type="power_in"/>
        <pin num="2" name="GND" type="power_in"/>
        <pin num="3" name="OUT" type="power_out"/>
      </pins>
    </libpart>
    <libpart lib="Relay" part="G5V-2">
      <description>Relay Miniature Omron DPDT</description>
      <docs>http://omronfs.omron.com/en_US/ecb/products/pdf/en-g5v_2.pdf</docs>
      <footprints>
        <fp>Relay*DPDT*Omron*G5V*</fp>
      </footprints>
      <fields>
        <field name="Reference">K</field>
        <field name="Value">G5V-2</field>
        <field name="Footprint">Relay_THT:Relay_DPDT_Omron_G5V-2</field>
      </fields>
      <pins>
        <pin num="1" name="~" type="passive"/>
        <pin num="4" name="~" type="passive"/>
        <pin num="6" name="~" type="passive"/>
        <pin num="8" name="~" type="passive"/>
        <pin num="9" name="~" type="passive"/>
        <pin num="11" name="~" type="passive"/>
        <pin num="13" name="~" type="passive"/>
        <pin num="16" name="~" type="passive"/>
      </pins>
    </libpart>
    <libpart lib="Transistor_FET" part="BSS138">
      <aliases>
        <alias>2N7002</alias>
        <alias>2N7002E</alias>
        <alias>2N7002H</alias>
        <alias>2N7002K</alias>
        <alias>BS170F</alias>
        <alias>BS870</alias>
        <alias>BSN20</alias>
        <alias>BSS123</alias>
        <alias>BSS127S</alias>
        <alias>DMG2302U</alias>
        <alias>DMG3402L</alias>
        <alias>DMG3404L</alias>
        <alias>DMG3406L</alias>
        <alias>DMG3414U</alias>
        <alias>DMG3418L</alias>
        <alias>DMN10H220L</alias>
        <alias>DMN10H700S</alias>
        <alias>DMN13H750S</alias>
        <alias>DMN2041L</alias>
        <alias>DMN2050L</alias>
        <alias>DMN2056U</alias>
        <alias>DMN2058U</alias>
        <alias>DMN2075U</alias>
        <alias>DMN2230U</alias>
        <alias>DMN24H11DS</alias>
        <alias>DMN24H3D5L</alias>
        <alias>DMN3042L</alias>
        <alias>DMN3051L</alias>
        <alias>DMN30H4D0L</alias>
        <alias>DMN3110S</alias>
        <alias>DMN3150L</alias>
        <alias>DMN3300U</alias>
        <alias>DMN3404L</alias>
        <alias>DMN6075S</alias>
        <alias>DMN6140L</alias>
        <alias>DMN67D7L</alias>
        <alias>DMN67D8L</alias>
        <alias>MMBF170</alias>
        <alias>VN10LF</alias>
        <alias>ZVN3306F</alias>
        <alias>ZVN3310F</alias>
        <alias>ZVN3320F</alias>
        <alias>ZVN4106F</alias>
        <alias>ZXM61N02F</alias>
        <alias>ZXM61N03F</alias>
        <alias>ZXMN10A07F</alias>
        <alias>ZXMN2A01F</alias>
        <alias>ZXMN2A14F</alias>
        <alias>ZXMN2B01F</alias>
        <alias>ZXMN2B14FH</alias>
        <alias>ZXMN2F30FH</alias>
        <alias>ZXMN2F34FH</alias>
        <alias>ZXMN3A01F</alias>
        <alias>ZXMN3A14F</alias>
        <alias>ZXMN3B01F</alias>
        <alias>ZXMN3B14F</alias>
        <alias>ZXMN3F30FH</alias>
        <alias>ZXMN6A07F</alias>
        <alias>IRLML2060</alias>
      </aliases>
      <description>50V Vds, 0.22A Id, N-Channel MOSFET, SOT-23</description>
      <docs>https://www.fairchildsemi.com/datasheets/BS/BSS138.pdf</docs>
      <footprints>
        <fp>SOT?23*</fp>
      </footprints>
      <fields>
        <field name="Reference">Q</field>
        <field name="Value">BSS138</field>
        <field name="Footprint">Package_TO_SOT_SMD:SOT-23</field>
      </fields>
      <pins>
        <pin num="1" name="G" type="input"/>
        <pin num="2" name="S" type="passive"/>
        <pin num="3" name="D" type="passive"/>
      </pins>
    </libpart>
    <libpart lib="dk_Diodes-Rectifiers-Single" part="1N4007-T_NRND">
      <description>DIODE GEN PURP 1KV 1A DO41</description>
      <docs>https://www.diodes.com/assets/Datasheets/ds28002.pdf</docs>
      <fields>
        <field name="Reference">D</field>
        <field name="Value">1N4007-T_NRND</field>
        <field name="Footprint">digikey-footprints:DO-41</field>
        <field name="Datasheet">https://www.diodes.com/assets/Datasheets/ds28002.pdf</field>
        <field name="Digi-Key_PN">1N4007DICT-ND</field>
        <field name="MPN">1N4007-T</field>
        <field name="Category">Discrete Semiconductor Products</field>
        <field name="Family">Diodes - Rectifiers - Single</field>
        <field name="DK_Datasheet_Link">https://www.diodes.com/assets/Datasheets/ds28002.pdf</field>
        <field name="DK_Detail_Page">/product-detail/en/diodes-incorporated/1N4007-T/1N4007DICT-ND/76454</field>
        <field name="Description">DIODE GEN PURP 1KV 1A DO41</field>
        <field name="Manufacturer">Diodes Incorporated</field>
        <field name="Status">Not For New Designs</field>
      </fields>
      <pins>
        <pin num="A" name="~" type="passive"/>
        <pin num="K" name="~" type="passive"/>
      </pins>
    </libpart>
    <libpart lib="dk_Shunts-Jumpers" part="Jumper_3_Solder12">
      <description>Jumper, 3-pole, pins 1+2 closed/bridged</description>
      <footprints>
        <fp>SolderJumper*Bridged12*</fp>
      </footprints>
      <fields>
        <field name="Reference">JP</field>
        <field name="Value">Jumper_3_Solder12</field>
        <field name="Footprint">Jumper:SolderJumper-3_P2.0mm_Open_TrianglePad1.0x1.5mm_NumberLabels</field>
      </fields>
      <pins>
        <pin num="1" name="A" type="passive"/>
        <pin num="2" name="C" type="passive"/>
        <pin num="3" name="B" type="passive"/>
      </pins>
    </libpart>
  </libparts>
  <libraries>
    <library logical="74xGxx">
      <uri>C:\Program Files\KiCad\share\kicad\library/74xGxx.lib</uri>
    </library>
    <library logical="AutocalibrationSwitch--MagFieldStab_1V0-rescue">
      <uri>D:\Projects\2020-03-20, AutocalibrationMagFieldStab\AutocalibrationSwitch- MagFieldStab_1V0/AutocalibrationSwitch- MagFieldStab_1V0-rescue.lib</uri>
    </library>
    <library logical="Connector">
      <uri>C:\Program Files\KiCad\share\kicad\library/Connector.lib</uri>
    </library>
    <library logical="Device">
      <uri>C:\Program Files\KiCad\share\kicad\library/Device.lib</uri>
    </library>
    <library logical="Regulator_Linear">
      <uri>C:\Program Files\KiCad\share\kicad\library/Regulator_Linear.lib</uri>
    </library>
    <library logical="Relay">
      <uri>C:\Program Files\KiCad\share\kicad\library/Relay.lib</uri>
    </library>
    <library logical="Transistor_FET">
      <uri>C:\Program Files\KiCad\share\kicad\library/Transistor_FET.lib</uri>
    </library>
    <library logical="dk_Diodes-Rectifiers-Single">
      <uri>D:/SelfmaintatinedLibs/GitHub/digikey-kicad-library/digikey-symbols/dk_Diodes-Rectifiers-Single.lib</uri>
    </library>
    <library logical="dk_Shunts-Jumpers">
      <uri>D:/SelfmaintatinedLibs/GitHub/digikey-kicad-library/digikey-symbols/dk_Shunts-Jumpers.lib</uri>
    </library>
  </libraries>
  <nets>
    <net code="1" name="Net-(J2-Pad1)">
      <node ref="R2" pin="1"/>
      <node ref="J2" pin="1"/>
    </net>
    <net code="2" name="Net-(Q1-Pad1)">
      <node ref="R2" pin="2"/>
      <node ref="Q1" pin="1"/>
    </net>
    <net code="3" name="VCC">
      <node ref="C4" pin="2"/>
      <node ref="U2" pin="5"/>
      <node ref="D1" pin="K"/>
      <node ref="U1" pin="3"/>
      <node ref="C3" pin="1"/>
      <node ref="K1" pin="16"/>
      <node ref="R1" pin="1"/>
    </net>
    <net code="4" name="GND">
      <node ref="C3" pin="2"/>
      <node ref="C2" pin="2"/>
      <node ref="J1" pin="2"/>
      <node ref="U1" pin="2"/>
      <node ref="R5" pin="2"/>
      <node ref="J2" pin="2"/>
      <node ref="Q2" pin="2"/>
      <node ref="C4" pin="1"/>
      <node ref="U2" pin="3"/>
      <node ref="Q1" pin="2"/>
      <node ref="R6" pin="2"/>
      <node ref="C1" pin="2"/>
    </net>
    <net code="5" name="GNDS">
      <node ref="R4" pin="1"/>
      <node ref="J5" pin="2"/>
      <node ref="J4" pin="2"/>
      <node ref="J7" pin="2"/>
      <node ref="J6" pin="2"/>
      <node ref="J3" pin="2"/>
    </net>
    <net code="6" name="Net-(JP1-Pad2)">
      <node ref="JP1" pin="2"/>
      <node ref="U2" pin="2"/>
    </net>
    <net code="7" name="Net-(JP2-Pad1)">
      <node ref="U2" pin="4"/>
      <node ref="JP2" pin="1"/>
      <node ref="R6" pin="1"/>
    </net>
    <net code="8" name="Net-(JP2-Pad2)">
      <node ref="JP2" pin="2"/>
      <node ref="R3" pin="2"/>
    </net>
    <net code="9" name="Net-(JP1-Pad1)">
      <node ref="Q1" pin="3"/>
      <node ref="JP2" pin="3"/>
      <node ref="JP1" pin="1"/>
      <node ref="R1" pin="2"/>
    </net>
    <net code="10" name="Net-(JP1-Pad3)">
      <node ref="JP1" pin="3"/>
      <node ref="R5" pin="1"/>
    </net>
    <net code="11" name="Net-(D1-PadA)">
      <node ref="D1" pin="A"/>
      <node ref="Q2" pin="3"/>
      <node ref="K1" pin="1"/>
    </net>
    <net code="12" name="Net-(J3-Pad1)">
      <node ref="K1" pin="6"/>
      <node ref="J3" pin="1"/>
    </net>
    <net code="13" name="Net-(Q2-Pad1)">
      <node ref="R3" pin="1"/>
      <node ref="Q2" pin="1"/>
    </net>
    <net code="14" name="Net-(J4-Pad1)">
      <node ref="K1" pin="4"/>
      <node ref="J4" pin="1"/>
    </net>
    <net code="15" name="Net-(MK2-Pad1)">
      <node ref="MK2" pin="1"/>
    </net>
    <net code="16" name="Net-(MK3-Pad1)">
      <node ref="MK3" pin="1"/>
    </net>
    <net code="17" name="Net-(MK4-Pad1)">
      <node ref="MK4" pin="1"/>
    </net>
    <net code="18" name="Net-(MK1-Pad1)">
      <node ref="MK1" pin="1"/>
    </net>
    <net code="19" name="Net-(C1-Pad1)">
      <node ref="C1" pin="1"/>
      <node ref="J1" pin="1"/>
      <node ref="U1" pin="1"/>
      <node ref="C2" pin="1"/>
    </net>
    <net code="20" name="Net-(J1-Pad3)">
      <node ref="J1" pin="3"/>
    </net>
    <net code="21" name="Net-(J5-Pad1)">
      <node ref="K1" pin="11"/>
      <node ref="K1" pin="8"/>
      <node ref="J5" pin="1"/>
      <node ref="J6" pin="1"/>
    </net>
    <net code="22" name="Net-(K1-Pad9)">
      <node ref="R4" pin="2"/>
      <node ref="K1" pin="9"/>
    </net>
    <net code="23" name="Net-(J7-Pad1)">
      <node ref="K1" pin="13"/>
      <node ref="J7" pin="1"/>
    </net>
  </nets>
</export>
